date,month,year,approve,disaprove,undecided/nodata
2018-10-08,10,2018,44,51,5
2018-10-01,10,2018,43,53,4
2018-09-24,9,2018,42,53,5
2018-09-17,9,2018,40,56,4
2018-09-10,9,2018,38,56,6
2018-09-03,9,2018,40,54,6
2018-08-27,8,2018,41,53,6
2018-08-20,8,2018,41,54,5
2018-08-13,8,2018,42,52,6
2018-08-06,8,2018,39,56,5
2018-07-30,7,2018,41,54,5
2018-07-23,7,2018,40,55,5
2018-07-16,7,2018,42,54,4
2018-07-09,7,2018,43,52,5
2018-07-02,7,2018,41,56,3
2018-06-25,6,2018,42,53,5
2018-06-18,6,2018,41,55,4
2018-06-11,6,2018,45,50,5
2018-06-04,6,2018,42,54,4
2018-05-28,5,2018,41,55,4
2018-05-21,5,2018,40,55,5
2018-05-14,5,2018,42,54,4
2018-05-07,5,2018,43,52,5
2018-04-30,4,2018,42,52,6
2018-04-23,4,2018,42,53,5
2018-04-16,4,2018,38,57,5
2018-04-09,4,2018,39,55,6
2018-04-02,4,2018,41,54,5
2018-03-26,3,2018,39,55,6
2018-03-19,3,2018,39,55,6
2018-03-12,3,2018,40,56,4
2018-03-05,3,2018,39,56,5
2018-02-26,2,2018,39,55,6
2018-02-19,2,2018,39,56,5
2018-02-12,2,2018,37,59,4
2018-02-05,2,2018,40,57,3
2018-01-29,1,2018,40,57,3
2018-01-21,1,2018,38,58,4
2018-01-15,1,2018,36,59,5
2018-01-08,1,2018,38,57,5
2018-01-01,1,2018,37,58,5
2017-12-25,12,2017,39,55,6
2017-12-18,12,2017,37,57,6
2017-12-11,12,2017,35,60,5
2017-12-04,12,2017,36,59,5
2017-11-27,11,2017,35,59,6
2017-11-20,11,2017,37,56,7
2017-11-13,11,2017,38,57,5
2017-11-06,11,2017,38,56,6
2017-10-30,10,2017,38,58,4
2017-10-23,10,2017,35,60,5
2017-10-16,10,2017,36,58,6
2017-10-09,10,2017,37,57,6
2017-10-02,10,2017,38,56,6
2017-09-25,9,2017,37,58,5
2017-09-18,9,2017,38,55,7
2017-09-11,9,2017,38,57,5
2017-09-04,9,2017,37,57,6
2017-08-28,8,2017,36,59,5
2017-08-21,8,2017,35,60,5
2017-08-14,8,2017,37,58,5
2017-08-07,8,2017,36,58,6
2017-07-31,7,2017,37,58,5
2017-07-24,7,2017,38,57,5
2017-07-17,7,2017,37,58,5
2017-07-10,7,2017,39,56,5
2017-07-03,7,2017,38,57,5
2017-06-26,6,2017,39,56,5
2017-06-19,6,2017,39,56,5
2017-06-12,6,2017,38,57,5
2017-06-05,6,2017,37,58,5
2017-05-29,5,2017,38,56,6
2017-05-22,5,2017,41,54,5
2017-05-15,5,2017,38,56,6
2017-05-08,5,2017,38,56,6
2017-05-01,5,2017,42,53,5
2017-04-24,4,2017,41,54,5
2017-04-17,4,2017,41,52,7
2017-04-10,4,2017,40,54,6
2017-04-03,4,2017,40,53,7
2017-03-27,3,2017,38,57,5
2017-03-20,3,2017,39,56,5
2017-03-13,3,2017,40,55,5
2017-03-06,3,2017,42,52,6
2017-02-27,2,2017,43,51,6
2017-02-20,2,2017,42,53,5
2017-02-13,2,2017,40,54,6
2017-02-06,2,2017,41,53,6
2017-01-30,1,2017,43,52,5
2017-01-23,1,2017,45,47,8
2017-01-17,1,2017,59,37,4
2017-01-15,1,2017,58,38,4
2017-01-14,1,2017,57,39,4
2017-01-13,1,2017,57,38,5
2017-01-12,1,2017,57,39,4
2017-01-11,1,2017,58,37,5
2017-01-10,1,2017,57,40,3
2017-01-09,1,2017,57,40,3
2017-01-08,1,2017,55,42,3
2017-01-07,1,2017,56,40,0
2017-01-06,1,2017,56,41,3
2017-01-05,1,2017,56,40,4
2017-01-04,1,2017,56,41,3
2017-01-03,1,2017,56,42,2
2017-01-02,1,2017,54,43,3
2016-12-30,12,2016,53,43,4
2016-12-29,12,2016,54,42,4
2016-12-28,12,2016,55,40,5
2016-12-27,12,2016,56,41,3
2016-12-26,12,2016,55,40,5
2016-12-23,12,2016,56,40,4
2016-12-22,12,2016,56,40,4
2016-12-21,12,2016,56,41,3
2016-12-20,12,2016,56,40,4
2016-12-19,12,2016,56,40,4
2016-12-18,12,2016,57,39,4
2016-12-17,12,2016,57,39,4
2016-12-16,12,2016,57,38,5
2016-12-15,12,2016,56,40,4
2016-12-14,12,2016,56,40,4
2016-12-13,12,2016,56,41,3
2016-12-12,12,2016,56,41,3
2016-12-11,12,2016,57,40,3
2016-12-10,12,2016,56,41,3
2016-12-09,12,2016,59,39,2
2016-12-08,12,2016,58,40,2
2016-12-06,12,2016,59,39,2
2016-12-05,12,2016,56,41,3
2016-12-04,12,2016,55,41,4
2016-12-03,12,2016,54,42,4
2016-12-02,12,2016,54,42,4
2016-12-01,12,2016,53,44,3
2016-11-29,11,2016,53,45,2
2016-11-28,11,2016,54,43,3
2016-11-27,11,2016,57,40,3
2016-11-26,11,2016,57,39,4
2016-11-25,11,2016,57,39,4
2016-11-23,11,2016,56,40,4
2016-11-22,11,2016,56,40,4
2016-11-21,11,2016,55,42,3
2016-11-20,11,2016,55,42,3
2016-11-19,11,2016,56,42,2
2016-11-18,11,2016,57,40,3
2016-11-17,11,2016,56,41,3
2016-11-16,11,2016,58,40,2
2016-11-15,11,2016,56,42,2
2016-11-14,11,2016,56,41,3
2016-11-13,11,2016,56,40,4
2016-11-12,11,2016,57,40,3
2016-11-11,11,2016,57,40,3
2016-11-10,11,2016,57,41,2
2016-11-09,11,2016,57,40,3
2016-11-08,11,2016,58,40,2
2016-11-07,11,2016,56,42,2
2016-11-06,11,2016,56,42,2
2016-11-05,11,2016,56,42,8
2016-11-04,11,2016,56,41,3
2016-11-03,11,2016,53,44,3
2016-11-02,11,2016,51,46,3
2016-10-31,10,2016,49,48,3
2016-10-30,10,2016,51,47,4
2016-10-29,10,2016,53,45,2
2016-10-28,10,2016,54,44,2
2016-10-27,10,2016,55,43,2
2016-10-26,10,2016,53,44,3
2016-10-25,10,2016,54,43,3
2016-10-24,10,2016,53,44,3
2016-10-23,10,2016,52,44,4
2016-10-22,10,2016,52,46,2
2016-10-21,10,2016,54,43,3
2016-10-20,10,2016,56,41,3
2016-10-19,10,2016,57,40,3
2016-10-18,10,2016,55,42,3
2016-10-17,10,2016,55,42,3
2016-10-16,10,2016,53,44,3
2016-10-15,10,2016,54,43,3
2016-10-14,10,2016,54,43,3
2016-10-13,10,2016,55,41,4
2016-10-12,10,2016,54,42,4
2016-10-11,10,2016,53,43,4
2016-10-10,10,2016,53,42,5
2016-10-09,10,2016,54,42,4
2016-10-08,10,2016,55,42,3
2016-10-07,10,2016,53,44,3
2016-10-06,10,2016,52,46,2
2016-10-04,10,2016,51,46,3
2016-10-03,10,2016,51,45,4
2016-10-02,10,2016,54,43,3
2016-10-01,10,2016,54,43,3
2016-09-30,9,2016,54,43,3
2016-09-29,9,2016,52,45,3
2016-09-28,9,2016,53,44,3
2016-09-27,9,2016,52,44,4
2016-09-26,9,2016,51,45,4
2016-09-25,9,2016,50,45,5
2016-09-24,9,2016,51,44,5
2016-09-23,9,2016,54,41,5
2016-09-22,9,2016,54,41,5
2016-09-21,9,2016,53,42,5
2016-09-20,9,2016,52,44,4
2016-09-19,9,2016,52,45,3
2016-09-18,9,2016,53,44,3
2016-09-17,9,2016,51,45,4
2016-09-16,9,2016,51,45,4
2016-09-15,9,2016,52,44,4
2016-09-14,9,2016,53,45,2
2016-09-13,9,2016,54,43,3
2016-09-12,9,2016,52,45,3
2016-09-11,9,2016,53,44,3
2016-09-10,9,2016,50,46,4
2016-09-09,9,2016,51,45,4
2016-09-08,9,2016,50,45,5
2016-09-06,9,2016,50,46,4
2016-09-05,9,2016,50,46,4
2016-09-04,9,2016,51,45,4
2016-09-03,9,2016,52,44,4
2016-09-02,9,2016,52,44,4
2016-09-01,9,2016,52,44,4
2016-08-31,8,2016,51,45,4
2016-08-30,8,2016,52,44,4
2016-08-29,8,2016,52,44,4
2016-08-28,8,2016,52,43,5
2016-08-27,8,2016,51,44,5
2016-08-26,8,2016,51,44,0
2016-08-25,8,2016,52,44,4
2016-08-24,8,2016,51,43,6
2016-08-23,8,2016,51,44,5
2016-08-22,8,2016,48,46,6
2016-08-21,8,2016,51,44,5
2016-08-20,8,2016,50,45,5
2016-08-19,8,2016,52,44,4
2016-08-18,8,2016,51,46,3
2016-08-16,8,2016,52,45,3
2016-08-15,8,2016,51,45,4
2016-08-14,8,2016,52,45,3
2016-08-13,8,2016,51,45,4
2016-08-12,8,2016,53,44,3
2016-08-11,8,2016,54,43,3
2016-08-10,8,2016,53,43,4
2016-08-09,8,2016,53,42,5
2016-08-08,8,2016,49,46,5
2016-08-07,8,2016,50,45,5
2016-08-06,8,2016,52,45,3
2016-08-05,8,2016,53,44,3
2016-08-04,8,2016,52,45,3
2016-08-03,8,2016,49,46,5
2016-08-02,8,2016,50,45,5
2016-08-01,8,2016,51,44,5
2016-07-31,7,2016,52,44,4
2016-07-30,7,2016,53,44,3
2016-07-29,7,2016,54,43,3
2016-07-28,7,2016,54,42,4
2016-07-27,7,2016,53,43,4
2016-07-26,7,2016,52,44,4
2016-07-25,7,2016,51,46,3
2016-07-24,7,2016,51,45,4
2016-07-23,7,2016,50,46,4
2016-07-22,7,2016,49,48,3
2016-07-20,7,2016,49,47,4
2016-07-19,7,2016,49,47,4
2016-07-18,7,2016,49,47,4
2016-07-17,7,2016,49,47,4
2016-07-16,7,2016,49,46,5
2016-07-15,7,2016,51,44,5
2016-07-14,7,2016,49,46,5
2016-07-12,7,2016,49,47,4
2016-07-11,7,2016,47,48,5
2016-07-10,7,2016,48,48,4
2016-07-09,7,2016,49,47,4
2016-07-08,7,2016,51,46,3
2016-07-07,7,2016,51,45,4
2016-07-06,7,2016,51,45,4
2016-07-05,7,2016,51,45,4
2016-07-03,7,2016,50,45,5
2016-07-02,7,2016,50,45,5
2016-07-01,7,2016,51,44,5
2016-06-30,6,2016,51,45,4
2016-06-29,6,2016,51,45,4
2016-06-28,6,2016,51,45,4
2016-06-27,6,2016,52,44,4
2016-06-26,6,2016,51,44,5
2016-06-25,6,2016,51,44,5
2016-06-24,6,2016,50,45,5
2016-06-23,6,2016,50,45,5
2016-06-22,6,2016,50,46,4
2016-06-21,6,2016,50,45,5
2016-06-20,6,2016,49,46,5
2016-06-19,6,2016,49,45,6
2016-06-18,6,2016,50,45,5
2016-06-17,6,2016,52,44,4
2016-06-16,6,2016,53,44,3
2016-06-15,6,2016,53,43,4
2016-06-14,6,2016,53,45,2
2016-06-13,6,2016,53,44,3
2016-06-12,6,2016,53,44,3
2016-06-11,6,2016,53,44,3
2016-06-10,6,2016,52,44,4
2016-06-09,6,2016,52,44,4
2016-06-08,6,2016,54,42,4
2016-06-07,6,2016,52,43,5
2016-06-06,6,2016,53,43,4
2016-06-05,6,2016,50,46,4
2016-06-04,6,2016,51,44,5
2016-06-03,6,2016,50,44,6
2016-06-02,6,2016,51,44,5
2016-06-01,6,2016,53,43,4
2016-05-31,5,2016,51,45,4
2016-05-30,5,2016,52,44,4
2016-05-29,5,2016,51,45,4
2016-05-28,5,2016,52,44,4
2016-05-27,5,2016,53,44,3
2016-05-26,5,2016,52,44,4
2016-05-25,5,2016,50,46,4
2016-05-24,5,2016,50,45,5
2016-05-23,5,2016,52,44,4
2016-05-22,5,2016,53,43,4
2016-05-21,5,2016,52,44,4
2016-05-20,5,2016,50,45,5
2016-05-19,5,2016,52,43,5
2016-05-18,5,2016,52,44,4
2016-05-17,5,2016,51,45,4
2016-05-16,5,2016,49,46,5
2016-05-15,5,2016,50,45,5
2016-05-14,5,2016,50,44,6
2016-05-13,5,2016,51,44,5
2016-05-12,5,2016,50,46,4
2016-05-11,5,2016,50,46,4
2016-05-10,5,2016,50,47,3
2016-05-09,5,2016,52,44,4
2016-05-08,5,2016,52,44,4
2016-05-07,5,2016,53,43,4
2016-05-06,5,2016,53,43,4
2016-05-05,5,2016,53,43,4
2016-05-04,5,2016,52,45,3
2016-05-03,5,2016,51,45,4
2016-05-02,5,2016,50,46,4
2016-05-01,5,2016,51,45,4
2016-04-30,4,2016,52,45,3
2016-04-29,4,2016,52,45,3
2016-04-28,4,2016,52,45,3
2016-04-27,4,2016,50,46,4
2016-04-26,4,2016,50,46,4
2016-04-25,4,2016,49,46,5
2016-04-24,4,2016,50,45,5
2016-04-23,4,2016,50,46,4
2016-04-22,4,2016,52,45,3
2016-04-21,4,2016,50,46,4
2016-04-20,4,2016,50,46,4
2016-04-19,4,2016,51,44,5
2016-04-18,4,2016,52,44,4
2016-04-17,4,2016,51,46,3
2016-04-16,4,2016,49,48,3
2016-04-15,4,2016,49,47,4
2016-04-14,4,2016,50,46,4
2016-04-13,4,2016,49,47,4
2016-04-12,4,2016,48,47,5
2016-04-11,4,2016,48,48,4
2016-04-10,4,2016,47,48,5
2016-04-09,4,2016,48,48,4
2016-04-08,4,2016,49,46,5
2016-04-07,4,2016,51,45,4
2016-04-06,4,2016,52,44,4
2016-04-05,4,2016,52,44,4
2016-04-04,4,2016,52,44,4
2016-04-03,4,2016,51,44,5
2016-04-02,4,2016,53,43,4
2016-04-01,4,2016,52,43,5
2016-03-31,3,2016,52,45,3
2016-03-30,3,2016,50,46,4
2016-03-29,3,2016,49,47,4
2016-03-28,3,2016,49,47,4
2016-03-26,3,2016,51,46,3
2016-03-25,3,2016,53,44,3
2016-03-24,3,2016,53,44,3
2016-03-23,3,2016,53,44,3
2016-03-22,3,2016,52,45,3
2016-03-21,3,2016,52,45,3
2016-03-20,3,2016,51,46,3
2016-03-19,3,2016,51,45,4
2016-03-18,3,2016,50,45,5
2016-03-17,3,2016,52,44,4
2016-03-16,3,2016,49,46,5
2016-03-15,3,2016,49,47,4
2016-03-14,3,2016,50,47,3
2016-03-13,3,2016,52,45,3
2016-03-12,3,2016,51,46,3
2016-03-11,3,2016,51,46,3
2016-03-10,3,2016,49,47,4
2016-03-09,3,2016,51,44,5
2016-03-08,3,2016,52,45,3
2016-03-07,3,2016,52,44,4
2016-03-06,3,2016,51,45,4
2016-03-05,3,2016,50,47,3
2016-03-04,3,2016,49,48,3
2016-03-03,3,2016,51,46,3
2016-03-02,3,2016,51,45,4
2016-03-01,3,2016,51,44,5
2016-02-29,2,2016,49,46,5
2016-02-28,2,2016,49,46,5
2016-02-27,2,2016,49,46,5
2016-02-26,2,2016,49,46,5
2016-02-25,2,2016,48,47,5
2016-02-24,2,2016,47,48,5
2016-02-23,2,2016,47,48,5
2016-02-22,2,2016,48,48,4
2016-02-21,2,2016,48,48,4
2016-02-20,2,2016,47,49,4
2016-02-19,2,2016,47,49,4
2016-02-18,2,2016,48,48,4
2016-02-17,2,2016,50,46,4
2016-02-16,2,2016,50,46,4
2016-02-15,2,2016,49,48,3
2016-02-14,2,2016,47,50,3
2016-02-13,2,2016,47,50,3
2016-02-12,2,2016,47,49,4
2016-02-11,2,2016,49,48,3
2016-02-10,2,2016,49,47,4
2016-02-09,2,2016,49,47,4
2016-02-08,2,2016,48,48,4
2016-02-07,2,2016,47,50,3
2016-02-06,2,2016,46,51,3
2016-02-05,2,2016,47,50,3
2016-02-04,2,2016,46,50,4
2016-02-03,2,2016,46,50,4
2016-02-01,2,2016,47,49,4
2016-01-31,1,2016,48,48,4
2016-01-30,1,2016,50,46,4
2016-01-29,1,2016,49,47,4
2016-01-28,1,2016,49,48,3
2016-01-27,1,2016,48,48,4
2016-01-26,1,2016,48,48,4
2016-01-25,1,2016,48,48,4
2016-01-24,1,2016,48,48,4
2016-01-23,1,2016,49,47,4
2016-01-22,1,2016,48,46,6
2016-01-21,1,2016,49,47,4
2016-01-20,1,2016,49,47,4
2016-01-19,1,2016,49,48,3
2016-01-18,1,2016,47,48,5
2016-01-17,1,2016,48,48,4
2016-01-16,1,2016,49,46,5
2016-01-15,1,2016,51,45,4
2016-01-14,1,2016,49,47,4
2016-01-13,1,2016,49,46,5
2016-01-12,1,2016,48,47,5
2016-01-11,1,2016,47,48,5
2016-01-10,1,2016,44,50,6
2016-01-09,1,2016,45,50,5
2016-01-08,1,2016,47,49,4
2016-01-07,1,2016,47,49,4
2016-01-06,1,2016,46,49,5
2016-01-05,1,2016,45,50,5
2016-01-04,1,2016,47,48,5
2016-01-03,1,2016,46,50,4
2016-01-02,1,2016,46,50,4
2015-12-30,12,2015,45,51,4
2015-12-29,12,2015,45,51,4
2015-12-28,12,2015,44,52,4
2015-12-27,12,2015,46,50,4
2015-12-23,12,2015,47,49,4
2015-12-22,12,2015,48,48,4
2015-12-21,12,2015,46,50,4
2015-12-20,12,2015,46,50,4
2015-12-19,12,2015,46,50,4
2015-12-18,12,2015,45,50,5
2015-12-17,12,2015,44,51,5
2015-12-16,12,2015,42,53,5
2015-12-15,12,2015,43,53,4
2015-12-14,12,2015,45,51,4
2015-12-13,12,2015,46,50,4
2015-12-12,12,2015,46,50,4
2015-12-11,12,2015,46,50,4
2015-12-10,12,2015,45,50,5
2015-12-09,12,2015,44,51,5
2015-12-08,12,2015,44,51,5
2015-12-07,12,2015,45,50,5
2015-12-06,12,2015,47,49,4
2015-12-05,12,2015,47,49,4
2015-12-04,12,2015,49,48,3
2015-12-03,12,2015,47,48,5
2015-12-02,12,2015,48,47,5
2015-12-01,12,2015,47,48,5
2015-11-30,11,2015,47,50,3
2015-11-29,11,2015,46,50,4
2015-11-28,11,2015,46,50,4
2015-11-27,11,2015,47,47,6
2015-11-25,11,2015,46,48,6
2015-11-24,11,2015,46,49,5
2015-11-23,11,2015,44,51,5
2015-11-22,11,2015,44,51,5
2015-11-21,11,2015,44,52,4
2015-11-20,11,2015,43,52,5
2015-11-19,11,2015,45,52,3
2015-11-17,11,2015,44,53,3
2015-11-16,11,2015,45,51,4
2015-11-15,11,2015,45,50,5
2015-11-14,11,2015,49,47,4
2015-11-13,11,2015,51,44,5
2015-11-12,11,2015,50,45,5
2015-11-11,11,2015,48,48,4
2015-11-10,11,2015,47,49,4
2015-11-09,11,2015,47,49,4
2015-11-08,11,2015,49,48,3
2015-11-07,11,2015,48,49,3
2015-11-06,11,2015,48,49,3
2015-11-05,11,2015,48,49,3
2015-11-04,11,2015,49,48,3
2015-11-03,11,2015,49,47,4
2015-11-02,11,2015,49,48,3
2015-11-01,11,2015,49,47,4
2015-10-31,10,2015,48,48,4
2015-10-30,10,2015,47,48,5
2015-10-29,10,2015,46,50,4
2015-10-28,10,2015,44,51,5
2015-10-27,10,2015,47,49,4
2015-10-26,10,2015,47,48,5
2015-10-25,10,2015,50,47,3
2015-10-24,10,2015,49,48,3
2015-10-23,10,2015,47,49,4
2015-10-22,10,2015,46,50,4
2015-10-21,10,2015,46,49,5
2015-10-20,10,2015,46,50,4
2015-10-19,10,2015,45,50,5
2015-10-18,10,2015,45,50,5
2015-10-17,10,2015,45,51,4
2015-10-16,10,2015,47,50,3
2015-10-15,10,2015,46,50,4
2015-10-14,10,2015,46,49,5
2015-10-13,10,2015,45,50,5
2015-10-12,10,2015,45,50,5
2015-10-11,10,2015,45,51,4
2015-10-10,10,2015,47,49,4
2015-10-09,10,2015,46,49,5
2015-10-08,10,2015,47,49,4
2015-10-06,10,2015,44,51,5
2015-10-05,10,2015,45,50,5
2015-10-04,10,2015,46,49,5
2015-10-03,10,2015,47,48,5
2015-10-02,10,2015,48,48,4
2015-10-01,10,2015,45,51,4
2015-09-30,9,2015,46,49,5
2015-09-29,9,2015,47,48,5
2015-09-28,9,2015,47,48,5
2015-09-27,9,2015,47,48,5
2015-09-26,9,2015,46,51,5
2015-09-25,9,2015,47,50,3
2015-09-24,9,2015,47,50,3
2015-09-23,9,2015,48,49,3
2015-09-22,9,2015,48,48,4
2015-09-21,9,2015,48,49,3
2015-09-20,9,2015,47,50,3
2015-09-19,9,2015,46,51,5
2015-09-18,9,2015,45,52,3
2015-09-17,9,2015,45,51,4
2015-09-16,9,2015,45,52,3
2015-09-15,9,2015,45,52,3
2015-09-14,9,2015,46,50,4
2015-09-13,9,2015,48,48,4
2015-09-12,9,2015,48,47,5
2015-09-11,9,2015,46,50,4
2015-09-10,9,2015,45,50,5
2015-09-09,9,2015,45,50,5
2015-09-08,9,2015,47,48,5
2015-09-06,9,2015,49,46,5
2015-09-05,9,2015,49,47,4
2015-09-04,9,2015,49,47,4
2015-09-03,9,2015,46,50,4
2015-09-02,9,2015,46,50,4
2015-09-01,9,2015,45,51,4
2015-08-31,8,2015,45,51,4
2015-08-30,8,2015,45,50,5
2015-08-29,8,2015,46,49,5
2015-08-28,8,2015,47,48,5
2015-08-27,8,2015,46,50,4
2015-08-26,8,2015,46,51,3
2015-08-25,8,2015,45,52,3
2015-08-24,8,2015,44,51,5
2015-08-23,8,2015,44,51,5
2015-08-22,8,2015,44,51,5
2015-08-21,8,2015,45,51,4
2015-08-20,8,2015,42,53,5
2015-08-19,8,2015,43,53,4
2015-08-18,8,2015,45,50,5
2015-08-17,8,2015,45,50,5
2015-08-16,8,2015,46,49,5
2015-08-15,8,2015,44,51,5
2015-08-14,8,2015,46,49,5
2015-08-13,8,2015,45,50,5
2015-08-12,8,2015,45,49,6
2015-08-11,8,2015,47,49,4
2015-08-10,8,2015,46,49,5
2015-08-09,8,2015,49,47,4
2015-08-08,8,2015,48,48,4
2015-08-07,8,2015,47,49,4
2015-08-06,8,2015,45,50,5
2015-08-05,8,2015,44,52,4
2015-08-04,8,2015,45,51,4
2015-08-03,8,2015,45,51,4
2015-08-02,8,2015,46,50,4
2015-08-01,8,2015,46,50,4
2015-07-31,7,2015,47,49,4
2015-07-30,7,2015,47,48,5
2015-07-29,7,2015,46,49,5
2015-07-28,7,2015,47,48,5
2015-07-27,7,2015,45,49,6
2015-07-26,7,2015,46,49,5
2015-07-25,7,2015,44,50,6
2015-07-24,7,2015,46,49,5
2015-07-23,7,2015,46,49,5
2015-07-22,7,2015,46,49,5
2015-07-21,7,2015,46,49,5
2015-07-20,7,2015,45,50,5
2015-07-19,7,2015,46,49,5
2015-07-18,7,2015,45,50,5
2015-07-17,7,2015,47,48,5
2015-07-16,7,2015,46,48,6
2015-07-15,7,2015,47,47,6
2015-07-14,7,2015,46,48,6
2015-07-13,7,2015,45,49,6
2015-07-12,7,2015,46,49,5
2015-07-11,7,2015,46,49,5
2015-07-10,7,2015,47,48,5
2015-07-09,7,2015,45,49,6
2015-07-08,7,2015,46,50,4
2015-07-07,7,2015,44,51,5
2015-07-06,7,2015,46,50,4
2015-07-05,7,2015,47,48,5
2015-07-03,7,2015,48,47,5
2015-07-02,7,2015,46,48,6
2015-07-01,7,2015,45,50,5
2015-06-30,6,2015,44,51,5
2015-06-29,6,2015,45,51,4
2015-06-28,6,2015,46,50,4
2015-06-27,6,2015,46,50,4
2015-06-26,6,2015,48,47,5
2015-06-25,6,2015,47,49,4
2015-06-24,6,2015,47,49,4
2015-06-23,6,2015,46,50,4
2015-06-22,6,2015,46,49,5
2015-06-21,6,2015,46,48,6
2015-06-20,6,2015,45,49,6
2015-06-19,6,2015,45,50,5
2015-06-18,6,2015,44,50,6
2015-06-17,6,2015,44,50,6
2015-06-16,6,2015,44,50,6
2015-06-15,6,2015,44,50,6
2015-06-14,6,2015,47,47,6
2015-06-13,6,2015,46,48,6
2015-06-12,6,2015,47,48,5
2015-06-11,6,2015,45,49,6
2015-06-10,6,2015,45,49,6
2015-06-09,6,2015,44,51,5
2015-06-08,6,2015,43,51,6
2015-06-07,6,2015,45,49,6
2015-06-06,6,2015,49,46,5
2015-06-05,6,2015,46,48,6
2015-06-04,6,2015,46,50,4
2015-06-03,6,2015,45,50,5
2015-06-01,6,2015,46,50,4
2015-05-31,5,2015,47,49,4
2015-05-30,5,2015,47,48,5
2015-05-29,5,2015,49,47,4
2015-05-28,5,2015,47,49,4
2015-05-27,5,2015,47,48,5
2015-05-26,5,2015,45,49,6
2015-05-25,5,2015,45,49,6
2015-05-24,5,2015,44,51,5
2015-05-23,5,2015,47,49,4
2015-05-22,5,2015,49,47,4
2015-05-21,5,2015,49,47,4
2015-05-20,5,2015,45,50,5
2015-05-19,5,2015,42,53,5
2015-05-18,5,2015,43,51,6
2015-05-17,5,2015,46,49,5
2015-05-16,5,2015,48,47,5
2015-05-15,5,2015,48,47,5
2015-05-14,5,2015,48,48,4
2015-05-13,5,2015,47,49,4
2015-05-12,5,2015,46,50,4
2015-05-11,5,2015,45,49,6
2015-05-10,5,2015,46,48,6
2015-05-09,5,2015,46,48,6
2015-05-08,5,2015,47,47,6
2015-05-07,5,2015,46,49,5
2015-05-06,5,2015,46,49,5
2015-05-05,5,2015,48,47,5
2015-05-04,5,2015,48,47,5
2015-05-03,5,2015,47,49,4
2015-05-02,5,2015,46,49,5
2015-05-01,5,2015,46,49,5
2015-04-30,4,2015,48,48,4
2015-04-29,4,2015,47,49,4
2015-04-28,4,2015,49,47,4
2015-04-27,4,2015,49,47,4
2015-04-26,4,2015,49,47,4
2015-04-25,4,2015,46,48,6
2015-04-24,4,2015,46,48,6
2015-04-23,4,2015,46,48,6
2015-04-22,4,2015,47,48,5
2015-04-21,4,2015,45,49,6
2015-04-20,4,2015,44,50,6
2015-04-19,4,2015,45,50,5
2015-04-18,4,2015,46,50,4
2015-04-17,4,2015,45,51,4
2015-04-16,4,2015,44,51,5
2015-04-15,4,2015,45,51,4
2015-04-14,4,2015,47,50,3
2015-04-13,4,2015,47,50,3
2015-04-12,4,2015,46,49,5
2015-04-11,4,2015,45,50,5
2015-04-10,4,2015,47,49,4
2015-04-09,4,2015,48,48,4
2015-04-08,4,2015,49,47,4
2015-04-07,4,2015,47,49,4
2015-04-06,4,2015,48,48,4
2015-04-04,4,2015,46,49,5
2015-04-03,4,2015,49,46,5
2015-04-02,4,2015,47,47,6
2015-04-01,4,2015,50,46,4
2015-03-31,3,2015,48,48,4
2015-03-30,3,2015,46,49,5
2015-03-29,3,2015,45,49,6
2015-03-28,3,2015,47,48,5
2015-03-27,3,2015,49,46,5
2015-03-26,3,2015,48,47,5
2015-03-25,3,2015,47,49,4
2015-03-24,3,2015,45,51,4
2015-03-23,3,2015,44,52,4
2015-03-22,3,2015,45,50,5
2015-03-21,3,2015,45,50,5
2015-03-20,3,2015,44,51,5
2015-03-19,3,2015,43,52,5
2015-03-18,3,2015,44,51,5
2015-03-17,3,2015,46,49,5
2015-03-16,3,2015,46,48,6
2015-03-15,3,2015,47,48,5
2015-03-14,3,2015,47,48,5
2015-03-13,3,2015,48,47,5
2015-03-12,3,2015,48,47,5
2015-03-11,3,2015,48,47,5
2015-03-10,3,2015,47,48,5
2015-03-09,3,2015,46,49,5
2015-03-08,3,2015,45,50,5
2015-03-07,3,2015,46,49,5
2015-03-06,3,2015,47,49,4
2015-03-05,3,2015,47,49,4
2015-03-04,3,2015,45,50,5
2015-03-03,3,2015,45,50,5
2015-03-02,3,2015,46,49,5
2015-03-01,3,2015,48,47,5
2015-02-28,2,2015,49,47,4
2015-02-27,2,2015,47,48,5
2015-02-26,2,2015,44,51,5
2015-02-25,2,2015,42,53,5
2015-02-24,2,2015,43,51,6
2015-02-23,2,2015,43,52,5
2015-02-22,2,2015,45,51,4
2015-02-21,2,2015,45,51,4
2015-02-20,2,2015,46,48,6
2015-02-19,2,2015,45,50,5
2015-02-18,2,2015,45,50,5
2015-02-17,2,2015,44,51,5
2015-02-16,2,2015,47,49,4
2015-02-15,2,2015,48,48,4
2015-02-14,2,2015,50,47,3
2015-02-13,2,2015,49,48,3
2015-02-12,2,2015,48,48,4
2015-02-11,2,2015,47,49,4
2015-02-10,2,2015,47,49,4
2015-02-09,2,2015,46,49,5
2015-02-08,2,2015,46,49,5
2015-02-07,2,2015,46,49,5
2015-02-06,2,2015,46,49,5
2015-02-05,2,2015,45,50,5
2015-02-03,2,2015,46,49,5
2015-02-02,2,2015,45,50,5
2015-01-31,1,2015,45,50,5
2015-01-30,1,2015,46,49,5
2015-01-29,1,2015,47,47,6
2015-01-28,1,2015,49,46,5
2015-01-27,1,2015,49,47,4
2015-01-26,1,2015,47,49,4
2015-01-25,1,2015,49,46,5
2015-01-24,1,2015,48,46,6
2015-01-23,1,2015,50,45,5
2015-01-22,1,2015,48,48,4
2015-01-20,1,2015,48,49,3
2015-01-19,1,2015,47,49,4
2015-01-18,1,2015,46,48,6
2015-01-17,1,2015,45,49,6
2015-01-16,1,2015,44,51,7
2015-01-15,1,2015,46,50,4
2015-01-14,1,2015,47,49,4
2015-01-13,1,2015,48,47,5
2015-01-12,1,2015,46,48,6
2015-01-11,1,2015,46,48,6
2015-01-10,1,2015,47,48,5
2015-01-09,1,2015,46,48,6
2015-01-08,1,2015,44,50,6
2015-01-07,1,2015,44,50,6
2015-01-06,1,2015,44,49,7
2015-01-05,1,2015,46,47,7
2015-01-04,1,2015,45,48,7
2015-01-03,1,2015,46,48,6
2015-01-02,1,2015,44,49,7
2014-12-30,12,2014,46,48,6
2014-12-29,12,2014,48,47,5
2014-12-28,12,2014,47,48,5
2014-12-27,12,2014,48,48,4
2014-12-26,12,2014,45,50,5
2014-12-23,12,2014,46,49,5
2014-12-22,12,2014,43,51,6
2014-12-21,12,2014,43,50,7
2014-12-20,12,2014,44,51,5
2014-12-19,12,2014,47,49,4
2014-12-18,12,2014,47,49,4
2014-12-17,12,2014,45,50,5
2014-12-16,12,2014,43,52,5
2014-12-15,12,2014,42,52,6
2014-12-14,12,2014,42,52,5
2014-12-13,12,2014,43,52,5
2014-12-12,12,2014,44,51,5
2014-12-10,12,2014,43,52,5
2014-12-09,12,2014,44,51,5
2014-12-08,12,2014,42,53,5
2014-12-07,12,2014,44,51,5
2014-12-06,12,2014,44,52,4
2014-12-05,12,2014,44,51,5
2014-12-03,12,2014,43,51,6
2014-12-02,12,2014,41,52,7
2014-12-01,12,2014,42,52,6
2014-11-30,11,2014,41,53,6
2014-11-29,11,2014,45,50,5
2014-11-28,11,2014,45,50,5
2014-11-26,11,2014,44,51,5
2014-11-25,11,2014,43,53,4
2014-11-24,11,2014,41,54,5
2014-11-23,11,2014,44,52,4
2014-11-22,11,2014,43,52,5
2014-11-21,11,2014,43,52,5
2014-11-20,11,2014,42,54,4
2014-11-19,11,2014,41,55,4
2014-11-18,11,2014,41,54,5
2014-11-17,11,2014,42,53,5
2014-11-16,11,2014,42,52,6
2014-11-15,11,2014,43,51,6
2014-11-14,11,2014,44,51,5
2014-11-13,11,2014,44,51,5
2014-11-12,11,2014,42,53,5
2014-11-11,11,2014,42,52,6
2014-11-10,11,2014,41,53,6
2014-11-09,11,2014,42,52,6
2014-11-08,11,2014,39,56,5
2014-11-07,11,2014,40,55,5
2014-11-06,11,2014,39,56,5
2014-11-05,11,2014,40,55,5
2014-11-04,11,2014,41,54,5
2014-11-03,11,2014,41,53,6
2014-11-02,11,2014,43,51,6
2014-11-01,11,2014,42,53,5
2014-10-30,10,2014,41,54,5
2014-10-29,10,2014,40,54,6
2014-10-28,10,2014,41,54,5
2014-10-27,10,2014,43,52,5
2014-10-26,10,2014,42,53,5
2014-10-25,10,2014,42,53,5
2014-10-24,10,2014,42,52,6
2014-10-23,10,2014,43,52,5
2014-10-22,10,2014,43,53,4
2014-10-21,10,2014,42,54,4
2014-10-20,10,2014,40,54,6
2014-10-19,10,2014,41,54,5
2014-10-18,10,2014,40,54,6
2014-10-17,10,2014,40,55,5
2014-10-16,10,2014,40,55,5
2014-10-15,10,2014,42,53,5
2014-10-14,10,2014,43,51,6
2014-10-13,10,2014,42,52,6
2014-10-12,10,2014,40,55,5
2014-10-11,10,2014,41,54,5
2014-10-10,10,2014,42,53,5
2014-10-09,10,2014,42,54,4
2014-10-08,10,2014,39,57,4
2014-10-07,10,2014,39,56,5
2014-10-06,10,2014,40,55,5
2014-10-05,10,2014,44,51,5
2014-10-04,10,2014,44,50,6
2014-10-03,10,2014,44,50,6
2014-10-02,10,2014,42,53,5
2014-10-01,10,2014,41,55,4
2014-09-30,9,2014,42,54,4
2014-09-29,9,2014,42,54,4
2014-09-28,9,2014,44,52,4
2014-09-27,9,2014,43,52,5
2014-09-26,9,2014,43,52,5
2014-09-24,9,2014,42,53,5
2014-09-23,9,2014,42,52,6
2014-09-22,9,2014,42,53,5
2014-09-21,9,2014,44,51,5
2014-09-20,9,2014,44,51,5
2014-09-19,9,2014,45,50,5
2014-09-18,9,2014,42,53,5
2014-09-17,9,2014,40,55,5
2014-09-16,9,2014,42,53,5
2014-09-15,9,2014,42,53,5
2014-09-14,9,2014,43,53,4
2014-09-13,9,2014,41,55,4
2014-09-12,9,2014,41,54,5
2014-09-11,9,2014,41,54,5
2014-09-10,9,2014,40,54,6
2014-09-09,9,2014,41,54,5
2014-09-08,9,2014,40,54,6
2014-09-07,9,2014,42,52,6
2014-09-06,9,2014,42,52,6
2014-09-05,9,2014,42,53,5
2014-09-03,9,2014,40,53,7
2014-09-02,9,2014,38,54,8
2014-09-01,9,2014,38,54,8
2014-08-31,8,2014,39,54,7
2014-08-30,8,2014,42,52,6
2014-08-29,8,2014,42,51,7
2014-08-28,8,2014,42,51,7
2014-08-27,8,2014,41,52,7
2014-08-26,8,2014,41,53,6
2014-08-25,8,2014,40,54,6
2014-08-24,8,2014,41,53,6
2014-08-23,8,2014,42,51,7
2014-08-22,8,2014,42,51,7
2014-08-21,8,2014,40,52,8
2014-08-20,8,2014,41,53,6
2014-08-19,8,2014,43,50,7
2014-08-18,8,2014,44,50,6
2014-08-17,8,2014,43,51,6
2014-08-16,8,2014,42,51,7
2014-08-15,8,2014,41,53,6
2014-08-14,8,2014,41,53,6
2014-08-13,8,2014,41,53,6
2014-08-12,8,2014,42,51,7
2014-08-11,8,2014,40,53,7
2014-08-10,8,2014,42,53,5
2014-08-09,8,2014,41,55,4
2014-08-08,8,2014,43,52,5
2014-08-06,8,2014,43,51,6
2014-08-05,8,2014,44,50,6
2014-08-04,8,2014,41,53,6
2014-08-03,8,2014,41,53,6
2014-08-02,8,2014,42,53,5
2014-08-01,8,2014,42,53,5
2014-07-31,7,2014,41,54,5
2014-07-30,7,2014,42,53,5
2014-07-29,7,2014,42,53,5
2014-07-28,7,2014,41,54,5
2014-07-27,7,2014,39,55,6
2014-07-26,7,2014,40,54,6
2014-07-25,7,2014,41,52,7
2014-07-24,7,2014,40,52,8
2014-07-23,7,2014,40,53,7
2014-07-22,7,2014,39,54,7
2014-07-21,7,2014,42,52,6
2014-07-20,7,2014,42,51,7
2014-07-19,7,2014,44,49,7
2014-07-18,7,2014,44,50,6
2014-07-17,7,2014,44,52,4
2014-07-16,7,2014,43,53,4
2014-07-15,7,2014,42,53,5
2014-07-14,7,2014,42,52,6
2014-07-13,7,2014,43,51,6
2014-07-12,7,2014,44,51,5
2014-07-11,7,2014,43,52,5
2014-07-10,7,2014,42,53,5
2014-07-09,7,2014,42,53,5
2014-07-08,7,2014,41,55,4
2014-07-07,7,2014,42,53,5
2014-07-06,7,2014,42,54,4
2014-07-05,7,2014,44,51,5
2014-07-03,7,2014,44,52,4
2014-07-02,7,2014,45,51,4
2014-07-01,7,2014,43,52,5
2014-06-30,6,2014,41,53,6
2014-06-29,6,2014,40,54,6
2014-06-28,6,2014,41,53,6
2014-06-27,6,2014,42,52,6
2014-06-26,6,2014,43,51,6
2014-06-25,6,2014,43,51,6
2014-06-24,6,2014,42,52,6
2014-06-23,6,2014,42,52,6
2014-06-22,6,2014,42,53,5
2014-06-21,6,2014,42,53,5
2014-06-20,6,2014,40,55,5
2014-06-19,6,2014,41,54,5
2014-06-18,6,2014,40,54,6
2014-06-17,6,2014,41,54,5
2014-06-16,6,2014,41,55,4
2014-06-15,6,2014,41,54,5
2014-06-14,6,2014,41,53,6
2014-06-13,6,2014,41,53,6
2014-06-12,6,2014,40,55,5
2014-06-11,6,2014,41,54,5
2014-06-10,6,2014,43,51,6
2014-06-09,6,2014,45,49,6
2014-06-08,6,2014,46,47,7
2014-06-07,6,2014,44,50,6
2014-06-06,6,2014,45,49,6
2014-06-05,6,2014,43,51,6
2014-06-04,6,2014,44,50,6
2014-06-02,6,2014,43,51,6
2014-06-01,6,2014,43,51,6
2014-05-31,5,2014,43,52,5
2014-05-30,5,2014,44,51,5
2014-05-29,5,2014,44,52,4
2014-05-28,5,2014,44,52,4
2014-05-27,5,2014,45,51,4
2014-05-26,5,2014,45,50,5
2014-05-25,5,2014,45,50,5
2014-05-24,5,2014,44,52,4
2014-05-23,5,2014,44,52,4
2014-05-22,5,2014,42,54,4
2014-05-21,5,2014,44,51,5
2014-05-20,5,2014,44,51,5
2014-05-19,5,2014,45,49,6
2014-05-18,5,2014,42,52,6
2014-05-17,5,2014,42,53,5
2014-05-16,5,2014,43,52,5
2014-05-15,5,2014,44,51,5
2014-05-14,5,2014,46,48,6
2014-05-13,5,2014,44,49,7
2014-05-12,5,2014,44,50,6
2014-05-11,5,2014,45,49,6
2014-05-10,5,2014,46,49,5
2014-05-09,5,2014,44,50,6
2014-05-08,5,2014,45,50,5
2014-05-07,5,2014,45,50,5
2014-05-06,5,2014,47,48,5
2014-05-05,5,2014,44,51,5
2014-05-04,5,2014,45,50,5
2014-05-03,5,2014,43,52,5
2014-05-02,5,2014,44,51,5
2014-05-01,5,2014,42,53,5
2014-04-30,4,2014,43,51,6
2014-04-29,4,2014,45,49,6
2014-04-28,4,2014,46,49,5
2014-04-27,4,2014,43,52,5
2014-04-26,4,2014,44,52,4
2014-04-25,4,2014,43,52,5
2014-04-24,4,2014,45,50,5
2014-04-23,4,2014,44,51,5
2014-04-22,4,2014,44,50,6
2014-04-21,4,2014,45,49,6
2014-04-19,4,2014,45,49,6
2014-04-18,4,2014,46,48,6
2014-04-17,4,2014,45,49,6
2014-04-16,4,2014,45,49,6
2014-04-15,4,2014,43,50,7
2014-04-14,4,2014,42,51,7
2014-04-13,4,2014,42,52,6
2014-04-12,4,2014,43,51,6
2014-04-11,4,2014,44,50,6
2014-04-10,4,2014,43,51,6
2014-04-09,4,2014,43,51,6
2014-04-08,4,2014,42,52,6
2014-04-07,4,2014,42,52,6
2014-04-06,4,2014,44,51,5
2014-04-05,4,2014,44,51,5
2014-04-04,4,2014,44,52,4
2014-04-03,4,2014,42,53,5
2014-04-02,4,2014,43,53,4
2014-04-01,4,2014,45,50,5
2014-03-31,3,2014,45,50,5
2014-03-30,3,2014,44,50,6
2014-03-29,3,2014,44,51,5
2014-03-28,3,2014,45,50,5
2014-03-27,3,2014,43,52,5
2014-03-26,3,2014,43,52,5
2014-03-25,3,2014,40,54,6
2014-03-24,3,2014,42,53,5
2014-03-23,3,2014,42,52,6
2014-03-22,3,2014,45,50,5
2014-03-21,3,2014,44,51,5
2014-03-20,3,2014,43,53,4
2014-03-19,3,2014,40,55,5
2014-03-18,3,2014,43,52,5
2014-03-17,3,2014,45,49,6
2014-03-16,3,2014,45,49,6
2014-03-15,3,2014,41,52,7
2014-03-14,3,2014,40,55,5
2014-03-13,3,2014,40,54,6
2014-03-12,3,2014,39,55,6
2014-03-11,3,2014,40,54,6
2014-03-10,3,2014,41,54,5
2014-03-09,3,2014,43,52,5
2014-03-08,3,2014,45,51,4
2014-03-07,3,2014,45,51,4
2014-03-05,3,2014,45,51,4
2014-03-04,3,2014,42,55,3
2014-03-03,3,2014,41,55,4
2014-03-02,3,2014,42,54,4
2014-03-01,3,2014,43,52,5
2014-02-28,2,2014,42,54,4
2014-02-27,2,2014,40,56,4
2014-02-26,2,2014,40,56,4
2014-02-25,2,2014,42,54,6
2014-02-24,2,2014,42,54,4
2014-02-23,2,2014,43,54,3
2014-02-22,2,2014,44,53,3
2014-02-21,2,2014,44,52,4
2014-02-20,2,2014,44,51,5
2014-02-19,2,2014,44,51,5
2014-02-18,2,2014,45,50,5
2014-02-17,2,2014,46,50,4
2014-02-16,2,2014,44,50,6
2014-02-15,2,2014,42,52,6
2014-02-14,2,2014,41,53,6
2014-02-13,2,2014,41,53,6
2014-02-12,2,2014,40,52,8
2014-02-11,2,2014,40,52,8
2014-02-10,2,2014,39,51,10
2014-02-09,2,2014,40,51,9
2014-02-08,2,2014,42,50,8
2014-02-07,2,2014,42,51,7
2014-02-06,2,2014,41,51,8
2014-02-05,2,2014,39,52,9
2014-02-03,2,2014,40,51,9
2014-02-01,2,2014,41,50,9
2014-01-31,1,2014,40,51,9
2014-01-30,1,2014,41,51,8
2014-01-29,1,2014,42,51,7
2014-01-28,1,2014,43,50,7
2014-01-27,1,2014,42,49,9
2014-01-26,1,2014,41,50,9
2014-01-25,1,2014,41,50,9
2014-01-24,1,2014,41,52,7
2014-01-23,1,2014,42,51,7
2014-01-22,1,2014,43,50,7
2014-01-21,1,2014,43,49,8
2014-01-20,1,2014,42,49,9
2014-01-19,1,2014,42,49,9
2014-01-18,1,2014,41,50,9
2014-01-17,1,2014,40,51,9
2014-01-16,1,2014,40,52,8
2014-01-15,1,2014,39,53,8
2014-01-14,1,2014,39,53,8
2014-01-13,1,2014,39,53,8
2014-01-12,1,2014,40,52,8
2014-01-11,1,2014,40,53,7
2014-01-10,1,2014,42,51,7
2014-01-09,1,2014,43,51,6
2014-01-08,1,2014,42,50,8
2014-01-07,1,2014,42,50,8
2014-01-06,1,2014,41,51,8
2014-01-05,1,2014,41,52,7
2014-01-04,1,2014,41,53,6
2014-01-03,1,2014,41,53,6
2014-01-02,1,2014,40,53,7
2013-12-29,12,2013,40,53,7
2013-12-28,12,2013,42,50,8
2013-12-27,12,2013,44,49,7
2013-12-26,12,2013,44,49,7
2013-12-23,12,2013,42,52,6
2013-12-22,12,2013,40,53,7
2013-12-21,12,2013,39,54,7
2013-12-20,12,2013,40,53,7
2013-12-19,12,2013,40,53,7
2013-12-18,12,2013,40,52,8
2013-12-17,12,2013,40,52,8
2013-12-16,12,2013,41,51,8
2013-12-15,12,2013,42,50,8
2013-12-14,12,2013,41,50,9
2013-12-13,12,2013,41,50,9
2013-12-12,12,2013,41,51,8
2013-12-11,12,2013,41,50,9
2013-12-10,12,2013,42,49,9
2013-12-09,12,2013,42,49,9
2013-12-08,12,2013,41,49,10
2013-12-07,12,2013,40,51,9
2013-12-06,12,2013,41,50,9
2013-12-04,12,2013,42,51,7
2013-12-03,12,2013,43,50,7
2013-12-02,12,2013,42,51,7
2013-12-01,12,2013,41,51,8
2013-11-30,11,2013,40,53,7
2013-11-29,11,2013,41,52,7
2013-11-27,11,2013,42,52,6
2013-11-26,11,2013,42,51,7
2013-11-25,11,2013,42,52,6
2013-11-24,11,2013,44,51,5
2013-11-23,11,2013,42,52,6
2013-11-22,11,2013,41,52,7
2013-11-21,11,2013,39,53,8
2013-11-19,11,2013,40,53,7
2013-11-18,11,2013,39,54,7
2013-11-17,11,2013,40,53,7
2013-11-16,11,2013,41,53,6
2013-11-15,11,2013,41,53,6
2013-11-14,11,2013,41,53,6
2013-11-13,11,2013,40,53,7
2013-11-12,11,2013,42,52,6
2013-11-11,11,2013,42,52,6
2013-11-10,11,2013,42,52,6
2013-11-09,11,2013,40,54,6
2013-11-08,11,2013,40,54,6
2013-11-07,11,2013,41,53,6
2013-11-06,11,2013,42,51,7
2013-11-05,11,2013,43,50,7
2013-11-04,11,2013,42,51,7
2013-11-03,11,2013,40,53,7
2013-11-02,11,2013,39,53,8
2013-11-01,11,2013,40,53,7
2013-10-30,10,2013,40,53,7
2013-10-29,10,2013,41,51,8
2013-10-28,10,2013,41,51,8
2013-10-27,10,2013,42,50,8
2013-10-26,10,2013,44,49,7
2013-10-25,10,2013,44,49,7
2013-10-24,10,2013,44,50,6
2013-10-23,10,2013,42,51,7
2013-10-22,10,2013,42,52,6
2013-10-21,10,2013,43,50,7
2013-10-20,10,2013,43,51,6
2013-10-19,10,2013,44,50,6
2013-10-18,10,2013,43,51,6
2013-10-17,10,2013,44,50,6
2013-10-16,10,2013,42,51,7
2013-10-15,10,2013,43,50,7
2013-10-14,10,2013,42,52,6
2013-10-13,10,2013,43,51,6
2013-10-12,10,2013,42,51,7
2013-10-11,10,2013,41,53,6
2013-10-10,10,2013,41,53,6
2013-10-09,10,2013,42,52,6
2013-10-08,10,2013,43,51,6
2013-10-08,10,2013,43,51,6
2013-10-07,10,2013,43,50,7
2013-10-06,10,2013,44,51,5
2013-10-05,10,2013,46,48,6
2013-10-04,10,2013,45,49,6
2013-10-03,10,2013,43,49,8
2013-10-02,10,2013,41,52,7
2013-10-01,10,2013,41,52,7
2013-09-30,9,2013,44,50,6
2013-09-29,9,2013,45,48,7
2013-09-28,9,2013,45,48,7
2013-09-27,9,2013,44,48,8
2013-09-26,9,2013,43,50,7
2013-09-25,9,2013,43,50,7
2013-09-24,9,2013,44,49,7
2013-09-23,9,2013,47,46,7
2013-09-22,9,2013,46,47,7
2013-09-21,9,2013,46,47,7
2013-09-20,9,2013,45,47,8
2013-09-19,9,2013,47,45,8
2013-09-18,9,2013,45,45,10
2013-09-17,9,2013,44,47,9
2013-09-16,9,2013,45,47,8
2013-09-15,9,2013,45,47,8
2013-09-14,9,2013,45,46,9
2013-09-13,9,2013,45,45,10
2013-09-12,9,2013,44,46,10
2013-09-11,9,2013,44,46,10
2013-09-10,9,2013,45,47,8
2013-09-09,9,2013,44,47,9
2013-09-08,9,2013,45,47,8
2013-09-07,9,2013,43,48,9
2013-09-06,9,2013,43,48,9
2013-09-05,9,2013,42,48,10
2013-09-04,9,2013,43,48,9
2013-09-03,9,2013,43,49,8
2013-09-02,9,2013,45,48,7
2013-09-01,9,2013,43,49,8
2013-08-31,8,2013,44,47,9
2013-08-30,8,2013,43,48,9
2013-08-29,8,2013,45,48,7
2013-08-28,8,2013,45,47,8
2013-08-27,8,2013,46,47,7
2013-08-26,8,2013,45,47,8
2013-08-25,8,2013,44,48,8
2013-08-24,8,2013,42,49,9
2013-08-23,8,2013,45,47,8
2013-08-22,8,2013,47,46,7
2013-08-21,8,2013,49,43,8
2013-08-20,8,2013,48,44,8
2013-08-19,8,2013,47,46,7
2013-08-18,8,2013,46,46,8
2013-08-17,8,2013,47,45,8
2013-08-16,8,2013,48,43,9
2013-08-15,8,2013,46,45,9
2013-08-14,8,2013,46,45,9
2013-08-13,8,2013,45,47,8
2013-08-12,8,2013,46,47,7
2013-08-11,8,2013,46,47,7
2013-08-10,8,2013,46,47,7
2013-08-09,8,2013,44,49,7
2013-08-08,8,2013,42,50,8
2013-08-07,8,2013,41,50,9
2013-08-06,8,2013,44,46,10
2013-08-05,8,2013,45,46,9
2013-08-04,8,2013,46,45,9
2013-08-03,8,2013,44,47,9
2013-08-02,8,2013,44,48,8
2013-08-01,8,2013,44,48,8
2013-07-31,7,2013,45,48,7
2013-07-30,7,2013,44,49,7
2013-07-29,7,2013,45,48,7
2013-07-28,7,2013,46,47,7
2013-07-27,7,2013,46,46,8
2013-07-26,7,2013,45,47,8
2013-07-25,7,2013,46,47,7
2013-07-24,7,2013,46,47,7
2013-07-23,7,2013,47,46,7
2013-07-22,7,2013,45,47,8
2013-07-21,7,2013,46,46,8
2013-07-20,7,2013,46,45,9
2013-07-19,7,2013,48,44,8
2013-07-18,7,2013,48,44,8
2013-07-16,7,2013,48,46,6
2013-07-15,7,2013,47,47,6
2013-07-14,7,2013,46,48,8
2013-07-13,7,2013,45,48,7
2013-07-12,7,2013,45,47,8
2013-07-11,7,2013,46,46,8
2013-07-10,7,2013,46,45,9
2013-07-09,7,2013,46,47,7
2013-07-08,7,2013,45,48,7
2013-07-07,7,2013,47,47,6
2013-07-06,7,2013,47,47,6
2013-07-05,7,2013,46,48,6
2013-07-03,7,2013,45,47,8
2013-07-02,7,2013,46,45,9
2013-07-01,7,2013,46,44,10
2013-06-30,6,2013,46,46,8
2013-06-29,6,2013,45,47,8
2013-06-28,6,2013,45,48,7
2013-06-27,6,2013,45,47,8
2013-06-26,6,2013,48,45,7
2013-06-25,6,2013,50,43,7
2013-06-24,6,2013,50,43,7
2013-06-23,6,2013,46,46,8
2013-06-22,6,2013,45,47,8
2013-06-21,6,2013,45,49,6
2013-06-20,6,2013,46,46,8
2013-06-19,6,2013,46,45,9
2013-06-18,6,2013,47,45,8
2013-06-17,6,2013,47,45,8
2013-06-16,6,2013,47,44,9
2013-06-15,6,2013,47,44,9
2013-06-14,6,2013,47,44,9
2013-06-13,6,2013,47,45,8
2013-06-12,6,2013,48,44,8
2013-06-11,6,2013,46,47,7
2013-06-10,6,2013,46,47,7
2013-06-09,6,2013,45,47,8
2013-06-08,6,2013,47,44,9
2013-06-07,6,2013,48,43,9
2013-06-06,6,2013,48,44,8
2013-06-05,6,2013,49,44,7
2013-06-04,6,2013,47,46,7
2013-06-03,6,2013,48,45,7
2013-06-02,6,2013,47,45,8
2013-06-01,6,2013,48,44,8
2013-05-31,5,2013,47,44,9
2013-05-30,5,2013,47,45,8
2013-05-29,5,2013,48,44,8
2013-05-28,5,2013,50,44,6
2013-05-27,5,2013,49,44,7
2013-05-26,5,2013,50,43,7
2013-05-25,5,2013,48,45,7
2013-05-24,5,2013,48,44,8
2013-05-23,5,2013,47,45,8
2013-05-22,5,2013,47,44,9
2013-05-21,5,2013,49,43,8
2013-05-20,5,2013,50,44,6
2013-05-19,5,2013,50,44,6
2013-05-18,5,2013,49,44,7
2013-05-17,5,2013,49,44,7
2013-05-16,5,2013,50,43,7
2013-05-15,5,2013,51,42,7
2013-05-14,5,2013,49,45,6
2013-05-13,5,2013,48,46,6
2013-05-12,5,2013,47,47,6
2013-05-11,5,2013,49,45,6
2013-05-10,5,2013,48,45,7
2013-05-09,5,2013,49,44,7
2013-05-08,5,2013,49,43,8
2013-05-07,5,2013,50,43,7
2013-05-06,5,2013,49,45,6
2013-05-05,5,2013,51,45,4
2013-05-04,5,2013,49,45,6
2013-05-03,5,2013,50,45,5
2013-05-02,5,2013,50,44,6
2013-05-01,5,2013,51,43,6
2013-04-30,4,2013,51,42,7
2013-04-29,4,2013,50,43,7
2013-04-28,4,2013,50,44,6
2013-04-27,4,2013,49,44,7
2013-04-26,4,2013,50,43,7
2013-04-25,4,2013,50,42,8
2013-04-24,4,2013,52,40,8
2013-04-23,4,2013,50,43,7
2013-04-22,4,2013,51,42,7
2013-04-21,4,2013,48,45,7
2013-04-20,4,2013,51,43,6
2013-04-19,4,2013,50,43,7
2013-04-18,4,2013,53,41,6
2013-04-17,4,2013,51,42,7
2013-04-16,4,2013,51,43,6
2013-04-15,4,2013,49,43,8
2013-04-14,4,2013,49,43,8
2013-04-13,4,2013,50,43,7
2013-04-12,4,2013,48,46,6
2013-04-11,4,2013,48,46,6
2013-04-10,4,2013,48,47,5
2013-04-09,4,2013,50,45,5
2013-04-08,4,2013,49,44,7
2013-04-07,4,2013,49,43,8
2013-04-06,4,2013,49,42,9
2013-04-05,4,2013,48,44,8
2013-04-04,4,2013,49,44,7
2013-04-03,4,2013,48,46,6
2013-04-02,4,2013,48,47,5
2013-04-01,4,2013,47,48,5
2013-03-30,3,2013,48,46,6
2013-03-29,3,2013,47,47,6
2013-03-28,3,2013,48,47,5
2013-03-27,3,2013,46,47,7
2013-03-26,3,2013,48,46,6
2013-03-25,3,2013,49,43,8
2013-03-24,3,2013,49,43,8
2013-03-23,3,2013,48,45,7
2013-03-22,3,2013,47,46,7
2013-03-21,3,2013,48,45,7
2013-03-20,3,2013,47,45,8
2013-03-19,3,2013,47,46,7
2013-03-18,3,2013,46,45,9
2013-03-17,3,2013,48,44,8
2013-03-16,3,2013,50,43,7
2013-03-15,3,2013,49,45,6
2013-03-14,3,2013,47,46,7
2013-03-13,3,2013,47,46,7
2013-03-12,3,2013,48,46,6
2013-03-11,3,2013,48,46,6
2013-03-10,3,2013,49,45,6
2013-03-09,3,2013,49,44,7
2013-03-08,3,2013,49,44,7
2013-03-07,3,2013,50,43,7
2013-03-06,3,2013,49,44,7
2013-03-05,3,2013,49,44,7
2013-03-04,3,2013,47,46,7
2013-03-03,3,2013,48,44,8
2013-03-02,3,2013,49,44,7
2013-03-01,3,2013,46,46,8
2013-02-28,2,2013,46,46,8
2013-02-27,2,2013,47,45,8
2013-02-26,2,2013,51,43,6
2013-02-25,2,2013,51,43,6
2013-02-24,2,2013,53,40,7
2013-02-23,2,2013,51,42,7
2013-02-21,2,2013,51,42,7
2013-02-20,2,2013,50,44,6
2013-02-19,2,2013,52,42,6
2013-02-18,2,2013,50,42,8
2013-02-17,2,2013,51,42,7
2013-02-16,2,2013,51,43,6
2013-02-15,2,2013,52,42,6
2013-02-14,2,2013,50,44,6
2013-02-13,2,2013,50,44,6
2013-02-12,2,2013,50,44,6
2013-02-11,2,2013,51,42,7
2013-02-10,2,2013,52,42,6
2013-02-09,2,2013,52,42,6
2013-02-08,2,2013,52,43,5
2013-02-07,2,2013,52,43,5
2013-02-06,2,2013,52,43,5
2013-02-05,2,2013,52,43,5
2013-02-04,2,2013,52,41,7
2013-02-02,2,2013,52,41,7
2013-02-01,2,2013,52,42,6
2013-01-31,1,2013,52,43,5
2013-01-30,1,2013,54,42,4
2013-01-29,1,2013,53,42,5
2013-01-28,1,2013,53,41,6
2013-01-27,1,2013,51,43,6
2013-01-26,1,2013,52,43,5
2013-01-25,1,2013,52,43,5
2013-01-24,1,2013,52,41,7
2013-01-23,1,2013,51,42,7
2013-01-22,1,2013,52,42,6
2013-01-21,1,2013,52,43,5
2013-01-20,1,2013,53,42,5
2013-01-19,1,2013,51,43,6
2013-01-18,1,2013,50,43,7
2013-01-17,1,2013,51,43,6
2013-01-16,1,2013,48,45,7
2013-01-15,1,2013,49,44,7
2013-01-14,1,2013,50,43,7
2013-01-13,1,2013,53,41,6
2013-01-12,1,2013,52,40,8
2013-01-11,1,2013,52,41,7
2013-01-10,1,2013,51,42,7
2013-01-09,1,2013,53,42,5
2013-01-08,1,2013,54,41,5
2013-01-07,1,2013,56,40,4
2013-01-06,1,2013,56,39,5
2013-01-05,1,2013,54,39,7
2013-01-04,1,2013,54,39,7
2013-01-03,1,2013,52,41,7
2012-12-30,12,2012,52,42,6
2012-12-29,12,2012,50,43,7
2012-12-28,12,2012,53,41,6
2012-12-27,12,2012,53,42,5
2012-12-26,12,2012,54,40,6
2012-12-23,12,2012,53,41,6
2012-12-22,12,2012,56,39,5
2012-12-21,12,2012,57,37,6
2012-12-19,12,2012,57,37,6
2012-12-18,12,2012,58,36,6
2012-12-17,12,2012,56,37,7
2012-12-16,12,2012,54,38,8
2012-12-15,12,2012,52,40,8
2012-12-14,12,2012,50,42,8
2012-12-13,12,2012,50,43,7
2012-12-12,12,2012,50,43,7
2012-12-11,12,2012,51,42,7
2012-12-10,12,2012,54,38,8
2012-12-09,12,2012,54,38,8
2012-12-08,12,2012,53,40,7
2012-12-07,12,2012,51,43,6
2012-12-06,12,2012,50,44,6
2012-12-05,12,2012,50,43,7
2012-12-04,12,2012,49,44,7
2012-12-03,12,2012,50,44,6
2012-12-02,12,2012,52,43,5
2012-12-01,12,2012,53,41,6
2012-11-30,11,2012,54,40,6
2012-11-29,11,2012,52,41,7
2012-11-28,11,2012,50,43,7
2012-11-27,11,2012,51,43,6
2012-11-26,11,2012,49,45,6
2012-11-25,11,2012,51,42,7
2012-11-24,11,2012,51,41,8
2012-11-23,11,2012,53,39,8
2012-11-21,11,2012,51,40,9
2012-11-20,11,2012,50,42,8
2012-11-19,11,2012,50,42,8
2012-11-18,11,2012,51,43,6
2012-11-17,11,2012,53,42,5
2012-11-16,11,2012,52,41,7
2012-11-15,11,2012,53,40,7
2012-11-14,11,2012,52,41,7
2012-11-13,11,2012,52,42,6
2012-11-12,11,2012,52,41,7
2012-11-11,11,2012,53,40,7
2012-11-10,11,2012,52,41,7
2012-11-09,11,2012,52,42,6
2012-11-08,11,2012,51,43,6
2012-11-07,11,2012,52,42,6
2012-11-06,11,2012,49,45,6
2012-11-05,11,2012,49,44,7
2012-11-04,11,2012,50,44,6
2012-11-03,11,2012,52,44,6
2012-11-01,11,2012,52,45,7
2012-10-26,10,2012,51,44,5
2012-10-25,10,2012,48,48,4
2012-10-24,10,2012,46,49,5
2012-10-23,10,2012,48,47,5
2012-10-22,10,2012,51,44,5
2012-10-21,10,2012,53,42,5
2012-10-20,10,2012,51,45,4
2012-10-19,10,2012,49,46,5
2012-10-18,10,2012,49,45,6
2012-10-17,10,2012,49,46,5
2012-10-16,10,2012,50,46,4
2012-10-15,10,2012,50,44,6
2012-10-14,10,2012,49,45,6
2012-10-13,10,2012,49,45,6
2012-10-12,10,2012,48,47,5
2012-10-10,10,2012,48,46,6
2012-10-09,10,2012,50,44,6
2012-10-08,10,2012,52,43,5
2012-10-07,10,2012,53,42,5
2012-10-06,10,2012,53,42,5
2012-10-05,10,2012,51,44,5
2012-10-04,10,2012,48,46,6
2012-10-03,10,2012,50,45,5
2012-10-02,10,2012,52,43,5
2012-10-01,10,2012,54,42,4
2012-09-30,9,2012,50,44,6
2012-09-29,9,2012,48,45,7
2012-09-28,9,2012,47,46,7
2012-09-27,9,2012,46,46,8
2012-09-26,9,2012,48,47,5
2012-09-25,9,2012,50,45,5
2012-09-24,9,2012,50,44,6
2012-09-23,9,2012,51,43,6
2012-09-22,9,2012,50,43,7
2012-09-21,9,2012,51,42,7
2012-09-20,9,2012,51,43,6
2012-09-19,9,2012,47,46,7
2012-09-18,9,2012,47,48,5
2012-09-17,9,2012,46,48,6
2012-09-16,9,2012,48,46,6
2012-09-15,9,2012,49,45,6
2012-09-14,9,2012,50,44,6
2012-09-13,9,2012,50,44,6
2012-09-12,9,2012,49,45,6
2012-09-11,9,2012,49,43,8
2012-09-10,9,2012,49,42,9
2012-09-09,9,2012,51,42,7
2012-09-08,9,2012,50,43,7
2012-09-07,9,2012,50,44,6
2012-09-06,9,2012,50,44,6
2012-09-05,9,2012,52,42,6
2012-09-04,9,2012,52,43,5
2012-09-03,9,2012,49,45,6
2012-09-02,9,2012,47,47,6
2012-09-01,9,2012,45,48,7
2012-08-31,8,2012,45,48,7
2012-08-30,8,2012,43,48,9
2012-08-29,8,2012,45,46,9
2012-08-28,8,2012,45,46,9
2012-08-27,8,2012,44,47,9
2012-08-26,8,2012,43,47,10
2012-08-25,8,2012,43,48,9
2012-08-24,8,2012,45,47,8
2012-08-23,8,2012,45,48,7
2012-08-22,8,2012,46,47,7
2012-08-21,8,2012,47,47,6
2012-08-20,8,2012,47,47,6
2012-08-19,8,2012,46,49,5
2012-08-18,8,2012,45,48,7
2012-08-17,8,2012,47,47,6
2012-08-16,8,2012,47,47,6
2012-08-15,8,2012,45,49,6
2012-08-14,8,2012,44,50,6
2012-08-13,8,2012,44,50,6
2012-08-12,8,2012,45,49,6
2012-08-11,8,2012,45,49,6
2012-08-10,8,2012,45,48,7
2012-08-09,8,2012,43,50,7
2012-08-08,8,2012,43,50,7
2012-08-07,8,2012,43,51,6
2012-08-06,8,2012,46,48,6
2012-08-05,8,2012,47,47,6
2012-08-04,8,2012,47,47,6
2012-08-03,8,2012,46,47,7
2012-08-02,8,2012,45,47,8
2012-08-01,8,2012,45,48,7
2012-07-31,7,2012,45,48,7
2012-07-30,7,2012,45,49,6
2012-07-29,7,2012,46,48,6
2012-07-28,7,2012,46,46,8
2012-07-27,7,2012,47,46,7
2012-07-25,7,2012,48,46,6
2012-07-24,7,2012,47,48,5
2012-07-23,7,2012,47,47,6
2012-07-22,7,2012,45,48,7
2012-07-21,7,2012,44,49,7
2012-07-20,7,2012,44,49,7
2012-07-19,7,2012,46,47,7
2012-07-18,7,2012,46,47,7
2012-07-17,7,2012,47,46,7
2012-07-16,7,2012,46,48,6
2012-07-15,7,2012,46,47,7
2012-07-14,7,2012,47,46,7
2012-07-13,7,2012,47,45,8
2012-07-12,7,2012,46,47,7
2012-07-11,7,2012,45,48,7
2012-07-10,7,2012,45,48,7
2012-07-09,7,2012,45,47,8
2012-07-08,7,2012,45,46,9
2012-07-07,7,2012,44,47,9
2012-07-06,7,2012,45,46,9
2012-07-05,7,2012,46,46,8
2012-07-03,7,2012,47,45,8
2012-07-02,7,2012,45,46,9
2012-07-01,7,2012,45,47,8
2012-06-30,6,2012,46,47,7
2012-06-29,6,2012,46,47,7
2012-06-28,6,2012,48,46,6
2012-06-27,6,2012,47,47,6
2012-06-26,6,2012,47,46,7
2012-06-25,6,2012,46,46,8
2012-06-24,6,2012,45,47,8
2012-06-23,6,2012,48,46,6
2012-06-22,6,2012,47,48,5
2012-06-21,6,2012,51,45,4
2012-06-20,6,2012,46,46,8
2012-06-19,6,2012,45,48,7
2012-06-18,6,2012,43,49,8
2012-06-17,6,2012,46,48,6
2012-06-16,6,2012,45,48,7
2012-06-15,6,2012,46,47,7
2012-06-14,6,2012,45,49,6
2012-06-13,6,2012,45,49,6
2012-06-12,6,2012,44,49,7
2012-06-11,6,2012,46,48,6
2012-06-10,6,2012,48,45,7
2012-06-09,6,2012,49,45,6
2012-06-08,6,2012,50,44,6
2012-06-07,6,2012,48,45,7
2012-06-06,6,2012,47,45,8
2012-06-05,6,2012,46,47,7
2012-06-04,6,2012,45,48,7
2012-06-03,6,2012,46,47,7
2012-06-02,6,2012,46,46,8
2012-06-01,6,2012,47,45,8
2012-05-31,5,2012,46,47,7
2012-05-30,5,2012,46,46,8
2012-05-29,5,2012,45,47,8
2012-05-27,5,2012,47,45,8
2012-05-26,5,2012,47,46,7
2012-05-25,5,2012,49,44,7
2012-05-24,5,2012,48,45,7
2012-05-23,5,2012,48,46,6
2012-05-22,5,2012,47,47,6
2012-05-21,5,2012,48,46,6
2012-05-20,5,2012,47,47,6
2012-05-19,5,2012,48,45,7
2012-05-18,5,2012,48,46,6
2012-05-17,5,2012,48,45,7
2012-05-16,5,2012,46,47,7
2012-05-15,5,2012,48,46,6
2012-05-14,5,2012,47,47,6
2012-05-13,5,2012,46,48,6
2012-05-12,5,2012,45,48,7
2012-05-11,5,2012,46,48,6
2012-05-10,5,2012,46,47,7
2012-05-09,5,2012,48,46,6
2012-05-08,5,2012,49,45,6
2012-05-07,5,2012,48,46,6
2012-05-06,5,2012,47,46,7
2012-05-05,5,2012,46,47,7
2012-05-04,5,2012,47,47,6
2012-05-03,5,2012,46,48,6
2012-05-02,5,2012,48,46,6
2012-05-01,5,2012,50,44,6
2012-04-30,4,2012,51,43,6
2012-04-29,4,2012,49,46,5
2012-04-28,4,2012,48,47,5
2012-04-27,4,2012,47,48,5
2012-04-25,4,2012,48,45,7
2012-04-24,4,2012,48,46,6
2012-04-23,4,2012,49,44,7
2012-04-22,4,2012,50,44,6
2012-04-21,4,2012,50,44,6
2012-04-20,4,2012,50,44,6
2012-04-19,4,2012,47,45,8
2012-04-18,4,2012,46,46,8
2012-04-17,4,2012,46,46,8
2012-04-16,4,2012,47,46,7
2012-04-15,4,2012,47,47,6
2012-04-14,4,2012,46,48,6
2012-04-13,4,2012,45,48,7
2012-04-12,4,2012,47,47,6
2012-04-11,4,2012,48,46,6
2012-04-10,4,2012,49,44,7
2012-04-09,4,2012,48,44,8
2012-04-07,4,2012,45,45,10
2012-04-06,4,2012,44,46,10
2012-04-05,4,2012,45,46,9
2012-04-04,4,2012,47,46,7
2012-04-03,4,2012,50,43,7
2012-04-02,4,2012,49,46,5
2012-04-01,4,2012,48,45,7
2012-03-31,3,2012,48,44,8
2012-03-30,3,2012,47,44,9
2012-03-29,3,2012,46,45,9
2012-03-28,3,2012,43,50,7
2012-03-27,3,2012,44,47,9
2012-03-26,3,2012,46,46,8
2012-03-25,3,2012,48,44,8
2012-03-24,3,2012,47,45,8
2012-03-23,3,2012,46,45,9
2012-03-22,3,2012,47,44,9
2012-03-21,3,2012,48,44,8
2012-03-20,3,2012,47,46,7
2012-03-19,3,2012,46,47,7
2012-03-18,3,2012,46,46,8
2012-03-17,3,2012,49,44,7
2012-03-16,3,2012,49,44,7
2012-03-15,3,2012,46,47,7
2012-03-14,3,2012,43,50,7
2012-03-13,3,2012,44,50,6
2012-03-12,3,2012,45,49,6
2012-03-11,3,2012,48,45,7
2012-03-10,3,2012,47,46,7
2012-03-09,3,2012,49,43,8
2012-03-08,3,2012,47,45,8
2012-03-07,3,2012,48,44,8
2012-03-06,3,2012,48,44,8
2012-03-05,3,2012,48,44,8
2012-03-04,3,2012,44,47,9
2012-03-03,3,2012,43,48,9
2012-03-02,3,2012,45,48,7
2012-03-01,3,2012,48,46,6
2012-02-29,2,2012,48,46,6
2012-02-28,2,2012,47,48,5
2012-02-27,2,2012,46,49,5
2012-02-26,2,2012,45,50,5
2012-02-25,2,2012,43,50,7
2012-02-24,2,2012,45,47,8
2012-02-23,2,2012,44,46,10
2012-02-22,2,2012,45,46,9
2012-02-21,2,2012,45,47,8
2012-02-20,2,2012,45,48,7
2012-02-19,2,2012,45,48,7
2012-02-18,2,2012,44,48,8
2012-02-17,2,2012,44,48,8
2012-02-16,2,2012,46,47,7
2012-02-15,2,2012,46,48,6
2012-02-14,2,2012,46,48,6
2012-02-13,2,2012,43,48,9
2012-02-12,2,2012,45,45,10
2012-02-11,2,2012,45,47,8
2012-02-10,2,2012,46,47,7
2012-02-09,2,2012,45,48,7
2012-02-08,2,2012,48,46,6
2012-02-07,2,2012,48,46,6
2012-02-06,2,2012,49,45,6
2012-02-03,2,2012,47,47,6
2012-02-02,2,2012,46,48,6
2012-02-01,2,2012,46,46,8
2012-01-31,1,2012,45,48,7
2012-01-30,1,2012,46,47,7
2012-01-29,1,2012,44,49,7
2012-01-28,1,2012,46,47,7
2012-01-27,1,2012,46,47,7
2012-01-26,1,2012,46,46,8
2012-01-25,1,2012,46,47,7
2012-01-24,1,2012,43,49,8
2012-01-23,1,2012,44,49,7
2012-01-22,1,2012,43,49,8
2012-01-21,1,2012,44,47,9
2012-01-20,1,2012,44,46,10
2012-01-19,1,2012,44,46,10
2012-01-18,1,2012,46,46,8
2012-01-17,1,2012,45,46,9
2012-01-16,1,2012,45,46,9
2012-01-15,1,2012,45,46,9
2012-01-14,1,2012,46,46,8
2012-01-13,1,2012,46,47,7
2012-01-12,1,2012,46,48,6
2012-01-11,1,2012,45,48,7
2012-01-10,1,2012,45,46,9
2012-01-09,1,2012,43,48,9
2012-01-08,1,2012,43,49,8
2012-01-07,1,2012,42,50,8
2012-01-06,1,2012,46,47,7
2012-01-05,1,2012,45,46,9
2012-01-04,1,2012,45,46,9
2012-01-03,1,2012,45,46,9
2012-01-02,1,2012,46,47,7
2011-12-29,12,2011,47,46,7
2011-12-28,12,2011,45,47,8
2011-12-27,12,2011,43,48,9
2011-12-26,12,2011,41,50,9
2011-12-23,12,2011,44,48,8
2011-12-22,12,2011,46,48,6
2011-12-21,12,2011,47,45,8
2011-12-20,12,2011,44,48,8
2011-12-19,12,2011,43,48,9
2011-12-18,12,2011,43,49,8
2011-12-17,12,2011,43,50,7
2011-12-16,12,2011,42,50,8
2011-12-14,12,2011,42,51,7
2011-12-13,12,2011,41,51,8
2011-12-12,12,2011,42,50,8
2011-12-11,12,2011,43,49,8
2011-12-10,12,2011,45,48,7
2011-12-09,12,2011,44,48,8
2011-12-08,12,2011,43,50,7
2011-12-07,12,2011,42,51,7
2011-12-06,12,2011,42,51,7
2011-12-05,12,2011,42,50,8
2011-12-04,12,2011,41,51,8
2011-12-03,12,2011,41,51,8
2011-12-02,12,2011,43,49,8
2011-12-01,12,2011,44,49,7
2011-11-30,11,2011,41,51,8
2011-11-29,11,2011,42,50,8
2011-11-28,11,2011,42,50,8
2011-11-27,11,2011,43,49,8
2011-11-26,11,2011,43,49,8
2011-11-25,11,2011,44,47,9
2011-11-23,11,2011,44,48,8
2011-11-22,11,2011,42,48,10
2011-11-21,11,2011,41,51,8
2011-11-20,11,2011,41,50,9
2011-11-19,11,2011,43,50,7
2011-11-18,11,2011,44,47,9
2011-11-17,11,2011,45,47,8
2011-11-16,11,2011,43,47,10
2011-11-15,11,2011,41,49,10
2011-11-14,11,2011,40,51,9
2011-11-13,11,2011,42,50,8
2011-11-12,11,2011,44,49,7
2011-11-11,11,2011,43,49,8
2011-11-10,11,2011,43,49,8
2011-11-09,11,2011,42,49,9
2011-11-08,11,2011,42,49,9
2011-11-07,11,2011,42,47,11
2011-11-06,11,2011,43,48,9
2011-11-05,11,2011,44,48,8
2011-11-04,11,2011,43,50,7
2011-11-03,11,2011,42,50,8
2011-11-02,11,2011,42,51,7
2011-11-01,11,2011,42,50,8
2011-10-30,10,2011,44,49,7
2011-10-29,10,2011,45,48,7
2011-10-28,10,2011,43,50,7
2011-10-27,10,2011,43,50,7
2011-10-26,10,2011,42,51,7
2011-10-25,10,2011,43,49,8
2011-10-24,10,2011,43,48,9
2011-10-23,10,2011,42,50,8
2011-10-22,10,2011,43,49,8
2011-10-21,10,2011,42,50,8
2011-10-20,10,2011,44,47,9
2011-10-19,10,2011,43,49,8
2011-10-18,10,2011,42,50,8
2011-10-17,10,2011,39,54,7
2011-10-16,10,2011,39,53,8
2011-10-15,10,2011,38,54,8
2011-10-14,10,2011,42,50,8
2011-10-13,10,2011,40,52,8
2011-10-12,10,2011,40,52,8
2011-10-11,10,2011,38,54,8
2011-10-10,10,2011,40,53,7
2011-10-09,10,2011,41,51,8
2011-10-08,10,2011,41,51,8
2011-10-07,10,2011,40,52,8
2011-10-06,10,2011,39,53,8
2011-10-05,10,2011,39,53,8
2011-10-04,10,2011,38,53,9
2011-10-03,10,2011,40,52,8
2011-10-02,10,2011,41,52,7
2011-10-01,10,2011,42,50,8
2011-09-30,9,2011,43,49,8
2011-09-29,9,2011,43,50,7
2011-09-28,9,2011,41,51,8
2011-09-27,9,2011,39,52,9
2011-09-26,9,2011,39,51,10
2011-09-25,9,2011,40,51,9
2011-09-24,9,2011,42,49,9
2011-09-23,9,2011,41,50,9
2011-09-22,9,2011,42,50,8
2011-09-21,9,2011,39,53,8
2011-09-20,9,2011,40,52,8
2011-09-19,9,2011,41,51,8
2011-09-18,9,2011,42,49,9
2011-09-17,9,2011,42,50,8
2011-09-16,9,2011,40,52,8
2011-09-15,9,2011,40,53,7
2011-09-14,9,2011,39,53,8
2011-09-13,9,2011,39,52,9
2011-09-12,9,2011,39,53,8
2011-09-11,9,2011,40,52,8
2011-09-10,9,2011,43,50,7
2011-09-09,9,2011,42,49,9
2011-09-08,9,2011,42,48,10
2011-09-07,9,2011,43,48,9
2011-09-06,9,2011,43,49,8
2011-09-04,9,2011,44,50,6
2011-09-03,9,2011,42,50,8
2011-09-02,9,2011,43,50,7
2011-09-01,9,2011,42,50,8
2011-08-31,8,2011,42,51,7
2011-08-30,8,2011,42,50,8
2011-08-29,8,2011,42,50,8
2011-08-27,8,2011,39,54,7
2011-08-26,8,2011,38,55,7
2011-08-25,8,2011,38,55,7
2011-08-24,8,2011,41,51,8
2011-08-23,8,2011,42,50,8
2011-08-22,8,2011,41,50,9
2011-08-21,8,2011,39,53,8
2011-08-20,8,2011,38,54,8
2011-08-19,8,2011,40,53,7
2011-08-18,8,2011,40,53,7
2011-08-17,8,2011,42,51,7
2011-08-16,8,2011,40,53,7
2011-08-15,8,2011,40,52,8
2011-08-14,8,2011,40,52,8
2011-08-13,8,2011,39,53,8
2011-08-12,8,2011,41,52,7
2011-08-11,8,2011,39,54,7
2011-08-10,8,2011,42,51,7
2011-08-09,8,2011,41,51,8
2011-08-08,8,2011,41,51,8
2011-08-07,8,2011,41,51,8
2011-08-06,8,2011,40,50,10
2011-08-05,8,2011,43,48,9
2011-08-04,8,2011,42,50,8
2011-08-03,8,2011,42,50,8
2011-08-02,8,2011,41,52,7
2011-08-01,8,2011,41,51,8
2011-07-31,7,2011,42,49,9
2011-07-30,7,2011,43,48,9
2011-07-29,7,2011,43,50,7
2011-07-28,7,2011,41,52,7
2011-07-27,7,2011,40,52,8
2011-07-26,7,2011,40,50,10
2011-07-25,7,2011,43,48,9
2011-07-24,7,2011,46,46,8
2011-07-23,7,2011,46,46,8
2011-07-22,7,2011,45,48,7
2011-07-21,7,2011,42,49,9
2011-07-20,7,2011,43,49,8
2011-07-19,7,2011,43,49,8
2011-07-18,7,2011,43,49,8
2011-07-17,7,2011,42,48,10
2011-07-16,7,2011,44,47,9
2011-07-15,7,2011,44,48,8
2011-07-14,7,2011,44,49,7
2011-07-13,7,2011,42,50,8
2011-07-12,7,2011,44,48,8
2011-07-11,7,2011,44,48,8
2011-07-10,7,2011,46,46,8
2011-07-09,7,2011,46,46,8
2011-07-08,7,2011,45,46,9
2011-07-07,7,2011,46,45,9
2011-07-06,7,2011,46,45,9
2011-07-05,7,2011,47,44,9
2011-07-03,7,2011,46,47,7
2011-07-02,7,2011,45,47,8
2011-07-01,7,2011,47,46,7
2011-06-30,6,2011,45,47,8
2011-06-29,6,2011,45,47,8
2011-06-28,6,2011,44,47,9
2011-06-27,6,2011,46,46,8
2011-06-26,6,2011,45,46,9
2011-06-25,6,2011,44,48,8
2011-06-24,6,2011,43,49,8
2011-06-23,6,2011,44,49,7
2011-06-22,6,2011,45,48,7
2011-06-21,6,2011,45,47,8
2011-06-20,6,2011,43,50,7
2011-06-19,6,2011,43,49,8
2011-06-18,6,2011,45,48,7
2011-06-17,6,2011,49,43,8
2011-06-16,6,2011,49,44,7
2011-06-15,6,2011,46,46,8
2011-06-14,6,2011,45,47,8
2011-06-13,6,2011,46,46,8
2011-06-12,6,2011,47,47,6
2011-06-11,6,2011,47,46,7
2011-06-10,6,2011,47,45,8
2011-06-09,6,2011,46,44,10
2011-06-08,6,2011,46,45,9
2011-06-07,6,2011,45,46,9
2011-06-06,6,2011,46,44,10
2011-06-05,6,2011,49,41,10
2011-06-04,6,2011,50,40,10
2011-06-03,6,2011,49,43,8
2011-06-02,6,2011,47,45,8
2011-06-01,6,2011,48,44,8
2011-05-31,5,2011,51,42,7
2011-05-29,5,2011,53,39,8
2011-05-28,5,2011,49,42,9
2011-05-27,5,2011,47,44,9
2011-05-26,5,2011,46,45,9
2011-05-25,5,2011,49,43,8
2011-05-24,5,2011,51,41,8
2011-05-23,5,2011,52,42,6
2011-05-22,5,2011,53,41,6
2011-05-21,5,2011,51,42,7
2011-05-20,5,2011,50,42,8
2011-05-19,5,2011,49,43,8
2011-05-18,5,2011,49,43,8
2011-05-17,5,2011,49,43,8
2011-05-16,5,2011,50,43,7
2011-05-15,5,2011,48,43,9
2011-05-14,5,2011,48,43,9
2011-05-13,5,2011,46,44,10
2011-05-12,5,2011,48,44,8
2011-05-11,5,2011,48,45,7
2011-05-10,5,2011,50,43,7
2011-05-09,5,2011,51,42,7
2011-05-08,5,2011,51,40,9
2011-05-07,5,2011,52,40,8
2011-05-06,5,2011,51,40,9
2011-05-05,5,2011,51,41,8
2011-05-04,5,2011,51,41,8
2011-05-03,5,2011,51,41,8
2011-05-02,5,2011,52,40,8
2011-05-01,5,2011,50,42,8
2011-04-30,4,2011,47,44,9
2011-04-29,4,2011,46,45,9
2011-04-28,4,2011,46,46,8
2011-04-27,4,2011,45,47,8
2011-04-26,4,2011,43,49,8
2011-04-25,4,2011,42,49,9
2011-04-23,4,2011,43,48,9
2011-04-22,4,2011,44,47,9
2011-04-21,4,2011,44,46,10
2011-04-20,4,2011,44,47,0
2011-04-19,4,2011,44,47,9
2011-04-18,4,2011,43,49,8
2011-04-17,4,2011,42,49,9
2011-04-16,4,2011,44,48,8
2011-04-15,4,2011,44,47,9
2011-04-14,4,2011,44,47,9
2011-04-13,4,2011,41,49,8
2011-04-12,4,2011,41,50,9
2011-04-11,4,2011,42,50,8
2011-04-10,4,2011,44,48,8
2011-04-09,4,2011,46,46,8
2011-04-08,4,2011,45,46,9
2011-04-07,4,2011,45,46,9
2011-04-06,4,2011,44,47,9
2011-04-05,4,2011,45,47,8
2011-04-04,4,2011,45,47,8
2011-04-03,4,2011,45,45,10
2011-04-02,4,2011,46,45,9
2011-04-01,4,2011,46,45,9
2011-03-31,3,2011,46,46,8
2011-03-30,3,2011,46,45,9
2011-03-29,3,2011,47,44,9
2011-03-28,3,2011,49,43,8
2011-03-27,3,2011,49,44,7
2011-03-26,3,2011,48,45,7
2011-03-25,3,2011,45,48,7
2011-03-24,3,2011,46,46,8
2011-03-23,3,2011,47,46,7
2011-03-22,3,2011,46,46,8
2011-03-21,3,2011,45,46,9
2011-03-20,3,2011,45,46,9
2011-03-19,3,2011,44,46,10
2011-03-18,3,2011,46,44,10
2011-03-17,3,2011,46,45,9
2011-03-16,3,2011,49,43,8
2011-03-15,3,2011,51,42,7
2011-03-14,3,2011,50,43,7
2011-03-13,3,2011,48,44,8
2011-03-11,3,2011,46,44,10
2011-03-10,3,2011,46,45,9
2011-03-09,3,2011,49,43,8
2011-03-08,3,2011,47,45,8
2011-03-07,3,2011,47,45,8
2011-03-06,3,2011,45,48,7
2011-03-05,3,2011,46,46,8
2011-03-04,3,2011,47,45,8
2011-03-03,3,2011,47,45,8
2011-03-02,3,2011,47,44,9
2011-03-01,3,2011,45,46,9
2011-02-28,2,2011,46,47,7
2011-02-27,2,2011,45,46,9
2011-02-26,2,2011,45,46,9
2011-02-25,2,2011,47,44,9
2011-02-24,2,2011,49,44,7
2011-02-23,2,2011,50,42,8
2011-02-22,2,2011,48,44,8
2011-02-21,2,2011,46,46,8
2011-02-20,2,2011,47,45,8
2011-02-19,2,2011,46,45,9
2011-02-18,2,2011,48,43,9
2011-02-17,2,2011,48,44,8
2011-02-16,2,2011,51,42,7
2011-02-15,2,2011,49,43,8
2011-02-14,2,2011,48,43,9
2011-02-13,2,2011,46,46,8
2011-02-12,2,2011,48,44,8
2011-02-11,2,2011,49,43,8
2011-02-10,2,2011,49,42,9
2011-02-09,2,2011,48,44,8
2011-02-08,2,2011,47,44,9
2011-02-07,2,2011,48,44,8
2011-02-05,2,2011,47,44,9
2011-02-04,2,2011,46,45,9
2011-02-03,2,2011,46,45,9
2011-02-02,2,2011,45,47,8
2011-02-01,2,2011,46,46,8
2011-01-31,1,2011,48,45,7
2011-01-30,1,2011,50,42,8
2011-01-29,1,2011,50,41,9
2011-01-28,1,2011,50,42,8
2011-01-27,1,2011,50,41,9
2011-01-26,1,2011,50,41,9
2011-01-25,1,2011,49,41,10
2011-01-24,1,2011,49,42,9
2011-01-23,1,2011,49,43,8
2011-01-22,1,2011,50,42,8
2011-01-21,1,2011,50,42,8
2011-01-20,1,2011,49,42,9
2011-01-19,1,2011,51,41,8
2011-01-18,1,2011,50,42,8
2011-01-17,1,2011,51,42,7
2011-01-16,1,2011,49,43,8
2011-01-15,1,2011,50,42,8
2011-01-14,1,2011,48,42,10
2011-01-13,1,2011,49,42,9
2011-01-12,1,2011,49,43,8
2011-01-11,1,2011,49,43,8
2011-01-09,1,2011,48,45,7
2011-01-08,1,2011,48,44,8
2011-01-07,1,2011,49,43,8
2011-01-06,1,2011,48,43,9
2011-01-05,1,2011,48,46,6
2011-01-04,1,2011,46,48,6
2011-01-03,1,2011,48,46,6
2011-01-02,1,2011,49,45,6
2010-12-29,12,2010,50,43,7
2010-12-28,12,2010,50,42,8
2010-12-27,12,2010,47,45,8
2010-12-26,12,2010,47,46,7
2010-12-23,12,2010,45,48,7
2010-12-22,12,2010,46,46,8
2010-12-21,12,2010,48,45,7
2010-12-20,12,2010,49,45,6
2010-12-18,12,2010,46,48,6
2010-12-17,12,2010,46,45,9
2010-12-16,12,2010,46,46,8
2010-12-15,12,2010,46,45,9
2010-12-14,12,2010,45,48,7
2010-12-13,12,2010,45,46,9
2010-12-12,12,2010,45,47,8
2010-12-11,12,2010,46,45,9
2010-12-10,12,2010,45,49,6
2010-12-09,12,2010,46,47,7
2010-12-07,12,2010,43,49,8
2010-12-06,12,2010,45,47,8
2010-12-05,12,2010,43,48,9
2010-12-04,12,2010,46,47,7
2010-12-03,12,2010,47,45,8
2010-12-02,12,2010,48,43,9
2010-12-01,12,2010,47,44,9
2010-11-29,11,2010,45,47,8
2010-11-28,11,2010,45,47,8
2010-11-27,11,2010,47,45,8
2010-11-26,11,2010,46,46,8
2010-11-24,11,2010,45,47,8
2010-11-23,11,2010,44,48,8
2010-11-22,11,2010,44,48,8
2010-11-21,11,2010,44,47,9
2010-11-20,11,2010,46,46,8
2010-11-19,11,2010,47,46,7
2010-11-17,11,2010,46,47,7
2010-11-16,11,2010,45,48,7
2010-11-15,11,2010,46,47,7
2010-11-14,11,2010,48,45,7
2010-11-13,11,2010,48,45,7
2010-11-12,11,2010,45,47,8
2010-11-11,11,2010,43,49,8
2010-11-10,11,2010,42,49,9
2010-11-09,11,2010,43,49,8
2010-11-08,11,2010,44,48,8
2010-11-07,11,2010,44,48,8
2010-11-06,11,2010,46,46,8
2010-11-05,11,2010,47,46,7
2010-11-04,11,2010,47,45,8
2010-11-03,11,2010,45,47,8
2010-11-02,11,2010,44,48,8
2010-11-01,11,2010,44,49,7
2010-10-31,10,2010,43,49,8
2010-10-30,10,2010,44,48,8
2010-10-29,10,2010,45,47,8
2010-10-28,10,2010,47,47,6
2010-10-27,10,2010,46,48,6
2010-10-26,10,2010,46,48,6
2010-10-25,10,2010,44,49,7
2010-10-24,10,2010,44,48,8
2010-10-23,10,2010,43,49,8
2010-10-22,10,2010,43,48,9
2010-10-21,10,2010,41,50,9
2010-10-20,10,2010,43,48,9
2010-10-19,10,2010,42,50,8
2010-10-18,10,2010,46,46,8
2010-10-17,10,2010,46,46,8
2010-10-16,10,2010,48,44,8
2010-10-15,10,2010,46,46,8
2010-10-14,10,2010,44,48,8
2010-10-13,10,2010,43,48,9
2010-10-12,10,2010,44,48,8
2010-10-11,10,2010,45,47,8
2010-10-10,10,2010,45,48,7
2010-10-09,10,2010,46,47,7
2010-10-08,10,2010,46,48,6
2010-10-06,10,2010,48,46,6
2010-10-05,10,2010,47,46,7
2010-10-04,10,2010,46,48,6
2010-10-03,10,2010,43,50,7
2010-10-02,10,2010,45,48,7
2010-10-01,10,2010,46,48,6
2010-09-30,9,2010,46,46,8
2010-09-29,9,2010,46,46,8
2010-09-28,9,2010,46,46,8
2010-09-27,9,2010,47,47,6
2010-09-26,9,2010,45,49,6
2010-09-25,9,2010,45,49,6
2010-09-24,9,2010,44,49,7
2010-09-23,9,2010,44,49,7
2010-09-22,9,2010,44,48,8
2010-09-21,9,2010,44,48,8
2010-09-20,9,2010,44,47,9
2010-09-19,9,2010,43,48,9
2010-09-18,9,2010,45,46,9
2010-09-17,9,2010,47,46,7
2010-09-16,9,2010,47,46,7
2010-09-15,9,2010,45,49,6
2010-09-14,9,2010,45,48,7
2010-09-13,9,2010,45,48,7
2010-09-12,9,2010,46,47,7
2010-09-11,9,2010,47,46,7
2010-09-10,9,2010,46,46,8
2010-09-09,9,2010,46,46,8
2010-09-08,9,2010,44,48,8
2010-09-07,9,2010,45,47,8
2010-09-06,9,2010,46,46,8
2010-09-05,9,2010,45,47,8
2010-09-04,9,2010,46,47,7
2010-09-03,9,2010,44,49,7
2010-09-02,9,2010,45,48,7
2010-09-01,9,2010,43,49,8
2010-08-31,8,2010,46,46,8
2010-08-30,8,2010,46,45,9
2010-08-29,8,2010,47,45,8
2010-08-28,8,2010,45,47,8
2010-08-27,8,2010,43,49,8
2010-08-26,8,2010,43,49,8
2010-08-25,8,2010,44,48,8
2010-08-24,8,2010,44,49,7
2010-08-23,8,2010,43,50,7
2010-08-22,8,2010,42,51,7
2010-08-21,8,2010,45,50,5
2010-08-20,8,2010,44,49,7
2010-08-19,8,2010,44,49,7
2010-08-18,8,2010,43,50,7
2010-08-17,8,2010,42,51,7
2010-08-16,8,2010,41,52,7
2010-08-15,8,2010,41,52,7
2010-08-14,8,2010,42,51,7
2010-08-13,8,2010,42,50,8
2010-08-12,8,2010,42,49,9
2010-08-11,8,2010,43,48,9
2010-08-10,8,2010,44,48,8
2010-08-09,8,2010,46,47,7
2010-08-08,8,2010,45,48,7
2010-08-07,8,2010,46,47,7
2010-08-06,8,2010,45,48,7
2010-08-05,8,2010,47,46,7
2010-08-04,8,2010,46,47,7
2010-08-03,8,2010,45,49,6
2010-08-02,8,2010,45,48,7
2010-08-01,8,2010,44,48,8
2010-07-31,7,2010,45,46,9
2010-07-30,7,2010,45,47,8
2010-07-29,7,2010,44,47,9
2010-07-28,7,2010,46,47,7
2010-07-27,7,2010,45,47,8
2010-07-26,7,2010,46,47,7
2010-07-25,7,2010,45,49,6
2010-07-24,7,2010,45,48,7
2010-07-23,7,2010,46,47,7
2010-07-22,7,2010,44,47,9
2010-07-21,7,2010,44,47,9
2010-07-20,7,2010,44,48,8
2010-07-19,7,2010,46,46,8
2010-07-18,7,2010,46,47,7
2010-07-17,7,2010,47,45,8
2010-07-16,7,2010,48,44,8
2010-07-15,7,2010,49,44,7
2010-07-14,7,2010,47,45,8
2010-07-13,7,2010,44,48,8
2010-07-12,7,2010,44,48,8
2010-07-11,7,2010,45,47,8
2010-07-10,7,2010,48,45,7
2010-07-09,7,2010,47,46,7
2010-07-08,7,2010,47,46,7
2010-07-07,7,2010,46,47,7
2010-07-06,7,2010,45,48,7
2010-07-05,7,2010,44,48,8
2010-07-03,7,2010,44,46,10
2010-07-02,7,2010,44,46,10
2010-07-01,7,2010,46,45,9
2010-06-30,6,2010,47,46,7
2010-06-29,6,2010,49,44,7
2010-06-28,6,2010,47,45,8
2010-06-27,6,2010,46,45,9
2010-06-26,6,2010,46,45,9
2010-06-25,6,2010,46,46,8
2010-06-24,6,2010,45,46,9
2010-06-23,6,2010,46,46,8
2010-06-22,6,2010,45,45,10
2010-06-21,6,2010,45,46,9
2010-06-20,6,2010,45,46,9
2010-06-19,6,2010,48,45,7
2010-06-18,6,2010,49,44,7
2010-06-17,6,2010,48,45,7
2010-06-16,6,2010,45,46,9
2010-06-15,6,2010,45,46,9
2010-06-14,6,2010,46,44,10
2010-06-13,6,2010,49,43,8
2010-06-12,6,2010,49,44,7
2010-06-11,6,2010,48,45,7
2010-06-10,6,2010,46,46,8
2010-06-09,6,2010,44,48,8
2010-06-08,6,2010,45,48,7
2010-06-07,6,2010,44,48,8
2010-06-06,6,2010,47,45,8
2010-06-05,6,2010,45,46,9
2010-06-04,6,2010,47,44,9
2010-06-03,6,2010,45,47,8
2010-06-02,6,2010,46,47,7
2010-06-01,6,2010,48,45,7
2010-05-30,5,2010,49,45,6
2010-05-29,5,2010,50,44,6
2010-05-28,5,2010,47,46,7
2010-05-27,5,2010,46,45,9
2010-05-26,5,2010,45,47,8
2010-05-25,5,2010,45,47,8
2010-05-24,5,2010,46,47,7
2010-05-23,5,2010,47,45,8
2010-05-22,5,2010,48,44,8
2010-05-21,5,2010,48,45,7
2010-05-19,5,2010,48,45,7
2010-05-18,5,2010,49,45,6
2010-05-17,5,2010,48,44,8
2010-05-16,5,2010,49,45,6
2010-05-15,5,2010,46,46,8
2010-05-14,5,2010,47,46,7
2010-05-13,5,2010,48,44,8
2010-05-12,5,2010,51,42,7
2010-05-11,5,2010,52,41,7
2010-05-10,5,2010,51,42,7
2010-05-09,5,2010,49,43,8
2010-05-08,5,2010,51,42,7
2010-05-07,5,2010,50,43,7
2010-05-06,5,2010,50,43,7
2010-05-05,5,2010,49,43,8
2010-05-04,5,2010,48,43,9
2010-05-03,5,2010,50,42,8
2010-05-02,5,2010,50,43,7
2010-05-01,5,2010,50,45,5
2010-04-30,4,2010,47,47,6
2010-04-29,4,2010,47,46,7
2010-04-28,4,2010,49,44,7
2010-04-27,4,2010,49,45,6
2010-04-25,4,2010,49,44,7
2010-04-24,4,2010,51,42,7
2010-04-23,4,2010,51,42,7
2010-04-22,4,2010,50,43,7
2010-04-21,4,2010,49,42,9
2010-04-20,4,2010,50,42,8
2010-04-19,4,2010,49,43,8
2010-04-18,4,2010,49,45,6
2010-04-17,4,2010,49,45,6
2010-04-16,4,2010,48,46,6
2010-04-15,4,2010,47,46,7
2010-04-14,4,2010,46,46,8
2010-04-13,4,2010,49,44,7
2010-04-12,4,2010,49,45,6
2010-04-11,4,2010,49,45,6
2010-04-10,4,2010,46,46,8
2010-04-09,4,2010,45,48,7
2010-04-08,4,2010,45,48,7
2010-04-07,4,2010,47,48,5
2010-04-06,4,2010,49,46,5
2010-04-05,4,2010,49,46,5
2010-04-03,4,2010,50,45,5
2010-04-02,4,2010,49,46,5
2010-04-01,4,2010,48,46,6
2010-03-31,3,2010,48,45,7
2010-03-30,3,2010,50,43,7
2010-03-29,3,2010,50,42,8
2010-03-28,3,2010,50,43,7
2010-03-27,3,2010,48,44,8
2010-03-26,3,2010,48,46,6
2010-03-25,3,2010,46,46,8
2010-03-24,3,2010,48,45,7
2010-03-23,3,2010,50,44,6
2010-03-22,3,2010,51,42,7
2010-03-21,3,2010,50,44,6
2010-03-20,3,2010,51,43,6
2010-03-18,3,2010,50,43,7
2010-03-17,3,2010,50,43,7
2010-03-16,3,2010,47,47,6
2010-03-15,3,2010,46,48,6
2010-03-14,3,2010,46,47,7
2010-03-13,3,2010,48,44,8
2010-03-12,3,2010,49,44,7
2010-03-11,3,2010,49,44,7
2010-03-10,3,2010,47,44,9
2010-03-09,3,2010,46,45,9
2010-03-08,3,2010,46,45,9
2010-03-07,3,2010,48,44,8
2010-03-06,3,2010,49,43,8
2010-03-05,3,2010,49,44,7
2010-03-04,3,2010,48,46,6
2010-03-03,3,2010,47,46,7
2010-03-02,3,2010,50,44,6
2010-03-01,3,2010,50,43,7
2010-02-28,2,2010,52,41,7
2010-02-27,2,2010,50,43,7
2010-02-26,2,2010,50,44,6
2010-02-25,2,2010,50,45,5
2010-02-24,2,2010,49,45,6
2010-02-23,2,2010,50,42,8
2010-02-22,2,2010,50,42,8
2010-02-21,2,2010,51,43,6
2010-02-20,2,2010,51,43,6
2010-02-19,2,2010,49,43,8
2010-02-18,2,2010,48,45,7
2010-02-17,2,2010,48,45,7
2010-02-16,2,2010,48,44,8
2010-02-15,2,2010,51,41,8
2010-02-14,2,2010,50,41,9
2010-02-13,2,2010,52,41,7
2010-02-12,2,2010,53,40,7
2010-02-11,2,2010,53,40,7
2010-02-10,2,2010,52,41,7
2010-02-09,2,2010,51,42,7
2010-02-08,2,2010,50,43,7
2010-02-07,2,2010,51,41,8
2010-02-06,2,2010,50,41,9
2010-02-05,2,2010,51,41,8
2010-02-04,2,2010,49,44,7
2010-02-03,2,2010,50,43,7
2010-02-02,2,2010,49,44,7
2010-02-01,2,2010,50,44,6
2010-01-31,1,2010,51,42,7
2010-01-30,1,2010,51,42,7
2010-01-29,1,2010,50,44,6
2010-01-28,1,2010,48,46,6
2010-01-27,1,2010,47,47,6
2010-01-26,1,2010,48,45,7
2010-01-25,1,2010,47,46,7
2010-01-24,1,2010,48,46,6
2010-01-23,1,2010,48,47,5
2010-01-22,1,2010,48,47,5
2010-01-21,1,2010,48,47,5
2010-01-20,1,2010,47,47,6
2010-01-19,1,2010,49,45,6
2010-01-18,1,2010,49,44,7
2010-01-17,1,2010,50,43,7
2010-01-16,1,2010,50,43,7
2010-01-15,1,2010,50,43,7
2010-01-14,1,2010,50,42,8
2010-01-13,1,2010,49,44,7
2010-01-12,1,2010,49,45,6
2010-01-11,1,2010,50,43,7
2010-01-10,1,2010,50,42,8
2010-01-09,1,2010,50,42,8
2010-01-08,1,2010,49,44,7
2010-01-07,1,2010,50,43,7
2010-01-06,1,2010,52,41,7
2010-01-05,1,2010,52,41,7
2010-01-04,1,2010,52,42,6
2010-01-03,1,2010,51,44,5
2010-01-02,1,2010,50,44,6
2009-12-30,12,2009,49,44,7
2009-12-29,12,2009,51,43,7
2009-12-28,12,2009,51,42,7
2009-12-27,12,2009,53,41,6
2009-12-23,12,2009,52,41,7
2009-12-22,12,2009,51,43,6
2009-12-21,12,2009,51,42,7
2009-12-20,12,2009,50,44,6
2009-12-19,12,2009,51,43,6
2009-12-18,12,2009,49,46,5
2009-12-17,12,2009,50,44,6
2009-12-16,12,2009,50,43,7
2009-12-15,12,2009,52,40,8
2009-12-14,12,2009,51,41,8
2009-12-13,12,2009,49,41,10
2009-12-12,12,2009,48,42,10
2009-12-11,12,2009,48,42,10
2009-12-10,12,2009,48,43,9
2009-12-07,12,2009,50,44,6
2009-12-06,12,2009,50,44,6
2009-12-05,12,2009,50,45,5
2009-12-04,12,2009,47,46,7
2009-12-03,12,2009,49,44,7
2009-12-02,12,2009,52,41,7
2009-12-01,12,2009,52,41,7
2009-11-30,11,2009,51,42,7
2009-11-29,11,2009,49,44,7
2009-11-28,11,2009,51,42,7
2009-11-27,11,2009,51,41,8
2009-11-25,11,2009,51,41,8
2009-11-24,11,2009,49,42,9
2009-11-23,11,2009,49,44,7
2009-11-22,11,2009,49,44,7
2009-11-21,11,2009,49,44,7
2009-11-20,11,2009,49,44,7
2009-11-19,11,2009,48,44,8
2009-11-18,11,2009,49,44,7
2009-11-17,11,2009,49,44,7
2009-11-16,11,2009,50,44,6
2009-11-15,11,2009,50,42,8
2009-11-14,11,2009,50,42,8
2009-11-13,11,2009,53,38,9
2009-11-12,11,2009,53,39,8
2009-11-11,11,2009,54,38,8
2009-11-10,11,2009,52,41,7
2009-11-09,11,2009,53,41,6
2009-11-08,11,2009,51,42,7
2009-11-07,11,2009,54,39,7
2009-11-06,11,2009,53,41,6
2009-11-05,11,2009,54,41,5
2009-11-04,11,2009,52,42,6
2009-11-03,11,2009,52,42,6
2009-11-02,11,2009,52,42,6
2009-11-01,11,2009,50,43,7
2009-10-31,10,2009,50,41,9
2009-10-30,10,2009,53,39,8
2009-10-29,10,2009,55,38,7
2009-10-28,10,2009,55,40,5
2009-10-27,10,2009,53,40,7
2009-10-26,10,2009,51,43,6
2009-10-25,10,2009,51,42,7
2009-10-24,10,2009,51,41,8
2009-10-23,10,2009,52,38,10
2009-10-22,10,2009,55,38,7
2009-10-21,10,2009,54,38,8
2009-10-20,10,2009,54,39,7
2009-10-19,10,2009,51,41,8
2009-10-18,10,2009,50,42,8
2009-10-17,10,2009,50,43,7
2009-10-16,10,2009,51,42,7
2009-10-15,10,2009,53,41,6
2009-10-14,10,2009,54,40,6
2009-10-13,10,2009,52,42,6
2009-10-12,10,2009,53,40,7
2009-10-11,10,2009,52,39,9
2009-10-10,10,2009,56,36,8
2009-10-09,10,2009,56,36,8
2009-10-08,10,2009,56,37,7
2009-10-07,10,2009,54,38,8
2009-10-06,10,2009,53,40,7
2009-10-05,10,2009,53,40,7
2009-10-04,10,2009,51,42,7
2009-10-03,10,2009,50,43,7
2009-10-02,10,2009,51,42,7
2009-10-01,10,2009,52,41,7
2009-09-30,9,2009,53,40,7
2009-09-29,9,2009,54,38,8
2009-09-28,9,2009,54,38,8
2009-09-27,9,2009,53,38,9
2009-09-26,9,2009,52,39,9
2009-09-25,9,2009,51,40,9
2009-09-24,9,2009,51,41,8
2009-09-23,9,2009,52,41,7
2009-09-22,9,2009,50,42,8
2009-09-21,9,2009,51,42,7
2009-09-20,9,2009,51,41,8
2009-09-19,9,2009,53,39,8
2009-09-18,9,2009,53,40,7
2009-09-17,9,2009,52,42,6
2009-09-15,9,2009,52,42,6
2009-09-14,9,2009,51,42,7
2009-09-13,9,2009,51,41,8
2009-09-12,9,2009,52,41,7
2009-09-11,9,2009,53,40,7
2009-09-10,9,2009,53,40,7
2009-09-09,9,2009,52,41,7
2009-09-08,9,2009,51,42,7
2009-09-06,9,2009,51,42,7
2009-09-05,9,2009,51,41,8
2009-09-04,9,2009,51,41,8
2009-09-03,9,2009,52,41,7
2009-09-02,9,2009,53,40,7
2009-09-01,9,2009,55,38,7
2009-08-31,8,2009,55,39,6
2009-08-30,8,2009,54,40,6
2009-08-29,8,2009,52,42,6
2009-08-28,8,2009,51,42,7
2009-08-27,8,2009,50,42,8
2009-08-26,8,2009,50,42,8
2009-08-25,8,2009,50,43,7
2009-08-24,8,2009,50,43,7
2009-08-23,8,2009,51,44,5
2009-08-22,8,2009,51,42,7
2009-08-21,8,2009,52,40,8
2009-08-20,8,2009,54,38,8
2009-08-19,8,2009,53,40,7
2009-08-18,8,2009,53,40,7
2009-08-17,8,2009,51,42,7
2009-08-16,8,2009,51,41,8
2009-08-15,8,2009,52,42,6
2009-08-14,8,2009,53,40,7
2009-08-13,8,2009,54,39,7
2009-08-12,8,2009,55,37,8
2009-08-11,8,2009,54,39,7
2009-08-10,8,2009,53,40,7
2009-08-09,8,2009,53,40,7
2009-08-08,8,2009,54,40,6
2009-08-07,8,2009,55,38,7
2009-08-06,8,2009,55,38,7
2009-08-05,8,2009,58,36,6
2009-08-04,8,2009,58,36,6
2009-08-03,8,2009,56,37,7
2009-08-02,8,2009,56,37,7
2009-08-01,8,2009,55,38,7
2009-07-31,7,2009,56,38,6
2009-07-30,7,2009,55,39,6
2009-07-29,7,2009,56,38,6
2009-07-28,7,2009,54,40,6
2009-07-27,7,2009,52,41,7
2009-07-26,7,2009,53,39,8
2009-07-25,7,2009,54,37,9
2009-07-24,7,2009,56,36,8
2009-07-23,7,2009,56,37,7
2009-07-22,7,2009,55,39,6
2009-07-21,7,2009,56,39,5
2009-07-20,7,2009,55,39,6
2009-07-19,7,2009,57,36,7
2009-07-18,7,2009,59,34,7
2009-07-17,7,2009,61,32,7
2009-07-16,7,2009,60,33,7
2009-07-15,7,2009,60,33,7
2009-07-14,7,2009,58,36,6
2009-07-13,7,2009,58,34,8
2009-07-12,7,2009,59,33,8
2009-07-11,7,2009,60,32,8
2009-07-10,7,2009,59,33,8
2009-07-09,7,2009,58,35,7
2009-07-08,7,2009,58,35,7
2009-07-07,7,2009,58,36,6
2009-07-06,7,2009,57,36,7
2009-07-05,7,2009,56,36,8
2009-07-03,7,2009,58,35,7
2009-07-02,7,2009,59,34,7
2009-07-01,7,2009,60,33,7
2009-06-30,6,2009,62,31,7
2009-06-29,6,2009,61,30,9
2009-06-28,6,2009,63,30,7
2009-06-27,6,2009,60,32,8
2009-06-26,6,2009,59,34,7
2009-06-25,6,2009,57,35,8
2009-06-24,6,2009,59,33,8
2009-06-23,6,2009,59,33,8
2009-06-22,6,2009,61,32,7
2009-06-21,6,2009,60,34,6
2009-06-20,6,2009,60,33,7
2009-06-18,6,2009,57,35,8
2009-06-17,6,2009,57,35,8
2009-06-16,6,2009,58,33,9
2009-06-15,6,2009,61,32,7
2009-06-14,6,2009,61,32,7
2009-06-13,6,2009,62,30,8
2009-06-12,6,2009,61,31,8
2009-06-11,6,2009,62,30,8
2009-06-10,6,2009,63,29,8
2009-06-09,6,2009,61,31,8
2009-06-08,6,2009,60,33,7
2009-06-07,6,2009,59,34,7
2009-06-06,6,2009,61,34,5
2009-06-05,6,2009,62,32,6
2009-06-04,6,2009,62,32,6
2009-06-03,6,2009,62,31,7
2009-06-02,6,2009,62,31,7
2009-06-01,6,2009,63,30,7
2009-05-31,5,2009,63,29,8
2009-05-30,5,2009,64,30,6
2009-05-29,5,2009,62,30,8
2009-05-28,5,2009,63,30,7
2009-05-27,5,2009,62,30,8
2009-05-26,5,2009,64,29,7
2009-05-24,5,2009,64,30,6
2009-05-23,5,2009,65,28,7
2009-05-22,5,2009,64,27,9
2009-05-21,5,2009,64,27,9
2009-05-20,5,2009,62,28,10
2009-05-19,5,2009,64,30,6
2009-05-18,5,2009,64,29,7
2009-05-17,5,2009,65,29,6
2009-05-16,5,2009,63,29,8
2009-05-15,5,2009,64,28,8
2009-05-14,5,2009,63,30,7
2009-05-13,5,2009,65,28,7
2009-05-12,5,2009,63,29,8
2009-05-11,5,2009,64,28,8
2009-05-10,5,2009,64,29,7
2009-05-09,5,2009,65,29,6
2009-05-08,5,2009,66,27,7
2009-05-07,5,2009,66,28,6
2009-05-06,5,2009,66,28,6
2009-05-05,5,2009,66,28,6
2009-05-04,5,2009,67,26,7
2009-05-03,5,2009,66,27,7
2009-05-02,5,2009,67,27,6
2009-05-01,5,2009,67,27,6
2009-04-30,4,2009,68,26,6
2009-04-29,4,2009,67,28,5
2009-04-28,4,2009,65,29,6
2009-04-27,4,2009,63,31,6
2009-04-26,4,2009,63,31,6
2009-04-25,4,2009,63,31,6
2009-04-24,4,2009,65,29,6
2009-04-23,4,2009,65,29,6
2009-04-22,4,2009,66,27,7
2009-04-21,4,2009,65,28,7
2009-04-20,4,2009,65,29,6
2009-04-19,4,2009,64,28,8
2009-04-18,4,2009,63,28,9
2009-04-17,4,2009,63,28,9
2009-04-16,4,2009,62,29,9
2009-04-15,4,2009,61,31,8
2009-04-14,4,2009,62,30,8
2009-04-13,4,2009,62,30,8
2009-04-11,4,2009,63,28,9
2009-04-10,4,2009,62,29,9
2009-04-09,4,2009,63,28,9
2009-04-08,4,2009,62,28,10
2009-04-07,4,2009,60,28,12
2009-04-06,4,2009,59,29,12
2009-04-05,4,2009,60,28,12
2009-04-04,4,2009,61,28,11
2009-04-03,4,2009,61,27,12
2009-04-02,4,2009,62,27,11
2009-04-01,4,2009,63,27,10
2009-03-31,3,2009,62,28,10
2009-03-30,3,2009,61,29,10
2009-03-29,3,2009,60,29,11
2009-03-28,3,2009,59,30,11
2009-03-27,3,2009,60,30,10
2009-03-26,3,2009,60,31,9
2009-03-25,3,2009,62,29,9
2009-03-24,3,2009,62,27,11
2009-03-23,3,2009,62,29,9
2009-03-22,3,2009,63,27,10
2009-03-21,3,2009,63,27,10
2009-03-20,3,2009,65,26,9
2009-03-19,3,2009,65,26,9
2009-03-18,3,2009,64,26,10
2009-03-17,3,2009,62,27,11
2009-03-16,3,2009,62,27,11
2009-03-15,3,2009,61,28,11
2009-03-14,3,2009,62,27,11
2009-03-13,3,2009,61,28,11
2009-03-12,3,2009,61,29,10
2009-03-11,3,2009,61,28,11
2009-03-10,3,2009,62,27,11
2009-03-09,3,2009,63,27,10
2009-03-08,3,2009,62,27,11
2009-03-07,3,2009,62,26,12
2009-03-06,3,2009,62,25,13
2009-03-05,3,2009,62,26,12
2009-03-04,3,2009,62,26,12
2009-03-03,3,2009,62,28,10
2009-03-02,3,2009,62,28,10
2009-03-01,3,2009,61,28,11
2009-02-28,2,2009,62,26,12
2009-02-27,2,2009,63,25,12
2009-02-26,2,2009,64,23,13
2009-02-25,2,2009,67,21,12
2009-02-24,2,2009,67,21,12
2009-02-23,2,2009,65,21,14
2009-02-22,2,2009,61,24,15
2009-02-21,2,2009,59,25,16
2009-02-20,2,2009,62,25,13
2009-02-18,2,2009,63,24,13
2009-02-17,2,2009,63,24,13
2009-02-16,2,2009,62,25,13
2009-02-15,2,2009,62,25,13
2009-02-14,2,2009,62,25,13
2009-02-12,2,2009,64,23,13
2009-02-11,2,2009,66,21,13
2009-02-10,2,2009,66,21,13
2009-02-09,2,2009,64,21,15
2009-02-08,2,2009,63,22,15
2009-02-07,2,2009,63,23,14
2009-02-06,2,2009,66,21,13
2009-02-05,2,2009,64,22,14
2009-02-04,2,2009,65,20,15
2009-02-03,2,2009,63,21,16
2009-02-02,2,2009,65,20,15
2009-02-01,2,2009,65,20,15
2009-01-31,1,2009,66,19,15
2009-01-30,1,2009,66,19,15
2009-01-29,1,2009,67,18,15
2009-01-28,1,2009,67,17,16
2009-01-27,1,2009,66,17,17
2009-01-26,1,2009,64,17,19
2009-01-25,1,2009,64,16,20
2009-01-24,1,2009,65,15,20
2009-01-23,1,2009,67,14,19
2009-01-22,1,2009,69,13,18
2009-01-21,1,2009,68,12,21
2009-01-09,1,2009,34,61,5
2008-12-12,12,2008,29,67,4
2008-12-04,12,2008,32,61,7
2008-11-13,11,2008,29,66,4
2008-11-07,11,2008,28,68,5
2008-10-31,10,2008,25,70,5
2008-10-23,10,2008,31,66,3
2008-10-10,10,2008,25,71,4
2008-10-03,10,2008,25,70,6
2008-09-26,9,2008,27,69,4
2008-09-05,9,2008,33,64,3
2008-08-21,8,2008,29,66,5
2008-08-07,8,2008,33,61,6
2008-07-25,7,2008,32,65,3
2008-07-10,7,2008,31,61,8
2008-06-15,6,2008,28,68,4
2008-06-09,6,2008,30,64,6
2008-05-30,5,2008,28,68,4
2008-05-01,5,2008,28,67,5
2008-04-18,4,2008,28,69,4
2008-04-06,4,2008,28,67,5
2008-03-14,3,2008,32,64,4
2008-03-06,3,2008,32,64,4
2008-02-21,2,2008,32,62,5
2008-02-11,2,2008,31,65,4
2008-02-08,2,2008,33,61,5
2008-01-30,1,2008,34,61,5
2008-01-10,1,2008,34,60,6
2008-01-04,1,2008,32,64,4
2007-12-14,12,2007,32,65,3
2007-12-06,12,2007,37,57,5
2007-11-30,11,2007,34,62,4
2007-11-11,11,2007,32,61,7
2007-11-02,11,2007,31,64,5
2007-10-12,10,2007,32,64,3
2007-10-04,10,2007,32,64,4
2007-09-14,9,2007,36,62,2
2007-09-07,9,2007,33,62,5
2007-08-13,8,2007,32,63,5
2007-08-03,8,2007,34,62,4
2007-07-12,7,2007,31,63,6
2007-07-06,7,2007,29,66,5
2007-06-11,6,2007,32,65,3
2007-06-01,6,2007,32,62,6
2007-05-10,5,2007,33,62,5
2007-05-04,5,2007,34,63,3
2007-04-13,4,2007,36,60,4
2007-04-02,4,2007,38,58,4
2007-03-23,3,2007,34,62,4
2007-03-11,3,2007,35,61,4
2007-03-02,3,2007,33,63,4
2007-02-09,2,2007,37,59,3
2007-02-01,2,2007,32,65,4
2007-01-12,1,2007,34,63,4
2007-01-05,1,2007,37,59,4
2006-12-11,12,2006,35,61,4
2006-12-08,12,2006,38,59,4
2006-11-09,11,2006,33,62,4
2006-11-02,11,2006,38,56,6
2006-10-20,10,2006,37,58,4
2006-10-09,10,2006,37,57,6
2006-10-06,10,2006,37,59,4
2006-09-15,9,2006,44,51,5
2006-09-07,9,2006,39,56,5
2006-08-18,8,2006,42,54,4
2006-08-07,8,2006,37,59,4
2006-07-28,7,2006,40,56,4
2006-07-21,7,2006,37,59,4
2006-07-06,7,2006,40,55,5
2006-06-23,6,2006,37,60,3
2006-06-09,6,2006,38,56,6
2006-06-01,6,2006,36,57,6
2006-05-08,5,2006,33,61,6
2006-05-05,5,2006,31,65,5
2006-04-28,4,2006,34,63,3
2006-04-10,4,2006,36,59,5
2006-04-07,4,2006,37,60,3
2006-03-13,3,2006,37,59,5
2006-03-10,3,2006,36,60,4
2006-02-28,2,2006,38,60,2
2006-02-09,2,2006,39,56,4
2006-02-06,2,2006,42,55,4
2006-01-20,1,2006,43,54,4
2006-01-09,1,2006,43,53,4
2006-01-06,1,2006,43,54,3
2005-12-19,12,2005,43,53,4
2005-12-16,12,2005,41,56,3
2005-12-09,12,2005,42,55,3
2005-12-05,12,2005,43,51,4
2005-11-17,11,2005,38,56,4
2005-11-11,11,2005,36,60,3
2005-11-07,11,2005,40,54,4
2005-10-28,10,2005,40,56,2
2005-10-24,10,2005,40,55,3
2005-10-21,10,2005,41,54,3
2005-10-13,10,2005,39,57,3
2005-09-26,9,2005,45,50,4
2005-09-16,9,2005,39,57,2
2005-09-12,9,2005,44,52,3
2005-09-08,9,2005,46,50,3
2005-08-28,8,2005,45,52,2
2005-08-22,8,2005,39,55,4
2005-08-08,8,2005,45,50,4
2005-07-22,7,2005,48,47,3
2005-07-07,7,2005,48,48,3
2005-06-06,6,2005,41,52,6
2005-06-16,6,2005,47,50,2
2005-06-06,6,2005,47,48,4
2005-05-23,5,2005,47,47,4
2005-05-20,5,2005,45,50,3
2005-05-02,5,2005,50,45,4
2005-04-29,4,2005,47,49,3
2005-04-18,4,2005,47,48,3
2005-04-04,4,2005,50,44,4
2005-04-01,4,2005,47,48,3
2005-03-18,3,2005,51,44,4
2005-03-07,3,2005,52,43,4
2005-02-25,2,2005,52,45,2
2005-02-21,2,2005,51,45,3
2005-02-07,2,2005,48,47,3
2005-02-04,2,2005,57,39,3
2005-01-07,1,2005,51,44,3
2005-01-03,1,2005,51,44,3
2004-12-17,12,2004,49,46,4
2004-12-05,12,2004,52,44,3
2004-11-07,11,2004,53,44,2
2004-10-29,10,2004,47,47,4
2004-10-22,10,2004,50,46,3
2004-10-14,10,2004,51,46,2
2004-10-11,10,2004,48,48,2
2004-10-09,10,2004,47,48,3
2004-10-01,10,2004,49,48,1
2004-09-24,9,2004,53,44,1
2004-09-13,9,2004,51,45,3
2004-09-03,9,2004,51,46,2
2004-08-23,8,2004,49,46,3
2004-08-09,8,2004,51,45,3
2004-07-30,7,2004,46,49,3
2004-07-19,7,2004,48,47,3
2004-07-08,7,2004,47,49,3
2004-06-09,6,2004,52,44,2
2004-06-21,6,2004,47,48,3
2004-06-03,6,2004,48,49,2
2004-05-21,5,2004,46,48,4
2004-05-07,5,2004,46,50,2
2004-05-02,5,2004,48,48,3
2004-04-16,4,2004,51,44,3
2004-04-05,4,2004,51,45,3
2004-03-26,3,2004,54,43,2
2004-03-08,3,2004,51,45,2
2004-03-05,3,2004,50,46,2
2004-02-16,2,2004,52,45,2
2004-02-09,2,2004,51,45,2
2004-02-06,2,2004,51,44,4
2004-01-29,1,2004,51,46,2
2004-01-12,1,2004,53,43,2
2004-01-09,1,2004,58,37,3
2004-01-02,1,2004,60,35,4
2003-12-15,12,2003,62,34,2
2003-12-11,12,2003,55,40,3
2003-11-14,11,2003,50,46,3
2003-11-03,11,2003,53,43,3
2003-10-24,10,2003,62,34,3
2003-10-24,10,2003,53,42,4
2003-10-10,10,2003,55,40,3
2003-10-06,10,2003,54,41,3
2003-09-19,9,2003,49,47,3
2003-09-08,9,2003,52,42,4
2003-08-25,8,2003,59,37,3
2003-08-04,8,2003,60,35,3
2003-07-18,7,2003,59,37,3
2003-07-07,7,2003,62,33,4
2003-06-27,6,2003,61,35,3
2003-06-12,6,2003,56,36,6
2003-06-09,6,2003,61,34,3
2003-05-30,5,2003,63,32,4
2003-05-19,5,2003,65,30,3
2003-05-05,5,2003,69,28,2
2003-04-22,4,2003,70,26,3
2003-04-14,4,2003,70,24,4
2003-04-07,4,2003,68,26,4
2003-04-05,4,2003,70,26,3
2003-03-29,3,2003,70,25,3
2003-03-24,3,2003,69,27,3
2003-03-22,3,2003,70,25,3
2003-03-14,3,2003,58,37,4
2003-03-03,3,2003,57,37,5
2003-02-24,2,2003,56,37,5
2003-02-17,2,2003,57,37,5
2003-02-07,2,2003,61,33,4
2003-02-03,2,2003,59,34,6
2003-01-31,1,2003,60,35,4
2003-01-23,1,2003,59,35,4
2003-01-20,1,2003,58,35,6
2003-01-13,1,2003,61,33,5
2003-01-10,1,2003,57,37,5
2003-01-03,1,2003,63,31,4
2002-12-19,12,2002,61,32,6
2002-12-16,12,2002,63,32,3
2002-12-05,12,2002,63,29,7
2002-11-11,11,2002,66,25,7
2002-11-08,11,2002,68,26,4
2002-10-31,10,2002,63,29,7
2002-10-21,10,2002,66,28,4
2002-10-14,10,2002,62,30,6
2002-10-03,10,2002,67,27,4
2002-09-23,9,2002,67,26,6
2002-09-18,9,2002,66,29,4
2002-09-13,9,2002,70,25,4
2002-09-05,9,2002,65,30,4
2002-09-02,9,2002,66,28,4
2002-08-19,8,2002,65,27,6
2002-07-29,7,2002,70,23,5
2002-07-26,7,2002,68,25,5
2002-07-22,7,2002,68,24,7
2002-07-09,7,2002,72,21,5
2002-07-05,7,2002,75,18,6
2002-06-21,6,2002,73,20,6
2002-06-17,6,2002,74,19,6
2002-06-07,6,2002,74,18,7
2002-06-03,6,2002,70,23,6
2002-05-28,5,2002,76,16,6
2002-05-20,5,2002,76,17,6
2002-05-06,5,2002,75,19,4
2002-04-29,4,2002,77,19,3
2002-04-22,4,2002,76,16,6
2002-04-08,4,2002,74,19,5
2002-04-05,4,2002,75,19,5
2002-03-22,3,2002,78,17,3
2002-03-18,3,2002,79,15,4
2002-03-08,3,2002,79,14,5
2002-03-04,3,2002,76,18,5
2002-03-01,3,2002,80,14,4
2002-02-08,2,2002,81,13,4
2002-02-04,2,2002,81,14,4
2002-01-25,1,2002,84,13,2
2002-01-11,1,2002,82,12,4
2001-12-14,12,2001,85,10,3
2001-12-06,12,2001,85,10,3
2001-11-26,11,2001,87,8,4
2001-11-09,11,2001,84,11,3
2001-11-08,11,2001,86,9,3
2001-11-02,11,2001,87,8,3
2001-10-19,10,2001,88,9,2
2001-10-11,10,2001,89,8,2
2001-10-05,10,2001,87,9,3
2001-09-21,9,2001,89,6,4
2001-09-14,9,2001,85,9,4
2001-09-07,9,2001,51,39,9
2001-08-24,8,2001,55,35,9
2001-08-16,8,2001,57,33,8
2001-08-10,8,2001,57,35,7
2001-08-03,8,2001,55,34,10
2001-07-19,7,2001,55,33,10
2001-07-10,7,2001,57,34,8
2001-06-28,6,2001,52,34,13
2001-06-22,6,2001,50,42,7
2001-06-11,6,2001,52,34,12
2001-06-08,6,2001,55,35,9
2001-05-18,5,2001,55,35,8
2001-05-10,5,2001,56,31,12
2001-05-07,5,2001,53,32,14
2001-04-20,4,2001,62,29,9
2001-04-06,4,2001,59,29,11
2001-03-26,3,2001,52,29,18
2001-03-09,3,2001,58,28,13
2001-03-05,3,2001,62,21,15
2001-02-19,2,2001,61,21,16
2001-02-09,2,2001,57,24,17
2001-02-01,2,2001,57,25,18
2001-01-10,1,2001,66,29,5
2001-01-05,1,2001,63,31,4
2000-12-15,12,2000,71,26,1
2000-12-02,12,2000,59,35,5
2000-11-13,11,2000,63,32,4
2000-10-25,10,2000,56,38,5
2000-10-06,10,2000,58,36,4
2000-09-11,9,2000,60,34,5
2000-08-29,8,2000,62,35,2
2000-08-18,8,2000,61,35,3
2000-08-11,8,2000,57,38,3
2000-08-04,8,2000,63,32,4
2000-07-25,7,2000,56,39,4
2000-07-14,7,2000,59,36,3
2000-07-06,7,2000,59,35,5
2000-06-22,6,2000,54,39,5
2000-06-06,6,2000,59,36,3
2000-05-18,5,2000,57,36,5
2000-05-04,5,2000,57,36,6
2000-04-28,4,2000,58,39,2
2000-03-30,3,2000,62,33,3
2000-03-17,3,2000,55,39,5
2000-03-10,3,2000,63,34,3
2000-02-25,2,2000,56,39,3
2000-02-14,2,2000,61,34,4
2000-02-04,2,2000,62,33,3
2000-01-25,1,2000,64,31,3
2000-01-17,1,2000,61,35,3
2000-01-13,1,2000,59,36,4
2000-01-07,1,2000,63,34,2
1999-12-20,12,1999,57,35,6
1999-12-09,12,1999,56,41,2
1999-11-18,11,1999,59,36,5
1999-11-04,11,1999,58,38,4
1999-10-21,10,1999,59,35,4
1999-10-08,10,1999,56,38,4
1999-09-23,9,1999,59,37,2
1999-09-10,9,1999,60,38,1
1999-08-24,8,1999,59,35,5
1999-08-16,8,1999,59,35,4
1999-08-03,8,1999,60,35,4
1999-07-23,7,1999,64,30,4
1999-07-16,7,1999,57,38,3
1999-07-13,7,1999,58,36,4
1999-06-25,6,1999,57,40,1
1999-06-11,6,1999,61,34,3
1999-06-04,6,1999,59,35,4
1999-05-21,5,1999,56,39,4
1999-05-07,5,1999,60,35,5
1999-04-30,4,1999,60,36,3
1999-04-26,4,1999,59,35,4
1999-04-13,4,1999,59,35,4
1999-04-06,4,1999,58,35,6
1999-03-30,3,1999,64,31,4
1999-03-19,3,1999,64,33,3
1999-03-12,3,1999,61,34,3
1999-03-05,3,1999,67,28,3
1999-02-26,2,1999,65,30,3
1999-02-19,2,1999,66,29,4
1999-02-12,2,1999,66,31,2
1999-02-09,2,1999,69,27,2
1999-02-08,2,1999,62,34,3
1999-02-04,2,1999,65,33,2
1999-02-02,2,1999,59,37,3
1999-01-27,1,1999,67,31,2
1999-01-22,1,1999,69,29,2
1999-01-15,1,1999,69,29,2
1999-01-08,1,1999,67,30,3
1999-01-06,1,1999,63,34,3
1998-12-12,12,1998,63,34,2
1998-12-04,12,1998,65,29,4
1998-11-20,11,1998,65,30,4
1998-11-13,11,1998,65,31,3
1998-10-29,10,1998,65,30,3
1998-10-23,10,1998,65,31,2
1998-10-09,10,1998,65,31,3
1998-10-06,10,1998,63,33,3
1998-09-23,9,1998,65,30,3
1998-09-21,9,1998,65,31,3
1998-09-20,9,1998,59,34,5
1998-09-14,9,1998,63,34,2
1998-09-11,9,1998,63,34,2
1998-09-10,9,1998,59,36,3
1998-09-01,9,1998,62,32,4
1998-08-21,8,1998,61,34,3
1998-08-20,8,1998,60,34,5
1998-08-18,8,1998,65,29,5
1998-08-17,8,1998,61,32,5
1998-08-10,8,1998,64,29,5
1998-08-07,8,1998,63,31,4
1998-07-29,7,1998,64,31,3
1998-07-13,7,1998,63,31,6
1998-07-07,7,1998,61,33,5
1998-06-22,6,1998,60,33,6
1998-06-05,6,1998,60,33,5
1998-05-08,5,1998,64,30,4
1998-04-17,4,1998,63,30,5
1998-04-01,4,1998,67,28,4
1998-03-20,3,1998,65,28,5
1998-03-16,3,1998,66,29,4
1998-03-06,3,1998,63,31,6
1998-02-20,2,1998,65,29,5
1998-02-13,2,1998,66,29,3
1998-01-30,1,1998,68,28,3
1998-01-28,1,1998,66,27,5
1998-01-25,1,1998,59,37,4
1998-01-24,1,1998,60,35,5
1998-01-16,1,1998,59,30,10
1998-01-06,1,1998,59,31,9
1997-12-18,12,1997,55,36,7
1997-11-21,11,1997,60,30,9
1997-11-06,11,1997,58,31,9
1997-10-27,10,1997,58,32,9
1997-10-03,10,1997,55,35,8
1997-09-25,9,1997,57,32,9
1997-09-06,9,1997,60,27,11
1997-08-22,8,1997,60,33,6
1997-08-12,8,1997,60,32,7
1997-07-25,7,1997,58,34,7
1997-06-26,6,1997,55,35,9
1997-05-30,5,1997,56,35,8
1997-05-06,5,1997,57,35,7
1997-04-18,4,1997,54,37,9
1997-04-11,4,1997,54,36,9
1997-03-24,3,1997,59,35,6
1997-02-24,2,1997,56,32,10
1997-01-31,1,1997,59,30,9
1997-01-10,1,1997,61,30,7
1997-01-03,1,1997,57,34,7
1996-12-09,12,1996,57,34,8
1996-11-21,11,1996,57,34,7
1996-10-25,10,1996,54,36,9
1996-10-01,10,1996,58,34,8
1996-08-30,8,1996,60,33,7
1996-08-23,8,1996,52,39,8
1996-08-16,8,1996,52,39,9
1996-08-05,8,1996,57,36,6
1996-07-26,7,1996,57,35,7
1996-07-18,7,1996,56,35,8
1996-06-27,6,1996,51,41,6
1996-06-18,6,1996,57,36,5
1996-05-28,5,1996,53,38,8
1996-05-09,5,1996,54,38,6
1996-04-25,4,1996,56,36,7
1996-04-09,4,1996,53,40,6
1996-03-15,3,1996,52,38,8
1996-03-08,3,1996,54,37,8
1996-02-23,2,1996,53,40,6
1996-01-26,1,1996,52,42,6
1996-01-12,1,1996,46,46,7
1996-01-05,1,1996,42,49,8
1995-12-15,12,1995,50,43,5
1995-11-17,11,1995,53,37,9
1995-11-06,11,1995,52,40,7
1995-10-19,10,1995,49,39,11
1995-10-05,10,1995,46,42,11
1995-09-22,9,1995,47,43,8
1995-09-14,9,1995,43,43,12
1995-08-28,8,1995,45,43,11
1995-08-04,8,1995,45,42,12
1995-07-20,7,1995,46,43,9
1995-07-07,7,1995,47,43,9
1995-06-05,6,1995,46,42,10
1995-05-11,5,1995,50,42,7
1995-04-21,4,1995,50,39,9
1995-04-17,4,1995,46,45,8
1995-04-05,4,1995,46,44,8
1995-03-27,3,1995,43,47,9
1995-03-17,3,1995,44,45,9
1995-02-24,2,1995,42,47,9
1995-02-03,2,1995,48,44,6
1995-01-16,1,1995,46,45,7
1994-12-28,12,1994,40,51,8
1994-12-16,12,1994,42,52,4
1994-12-02,12,1994,42,50,7
1994-11-28,11,1994,43,48,7
1994-11-02,11,1994,45,46,7
1994-10-22,10,1994,47,46,5
1994-10-18,10,1994,41,52,7
1994-10-07,10,1994,42,51,5
1994-09-23,9,1994,43,51,4
1994-09-16,9,1994,42,50,8
1994-09-06,9,1994,39,53,6
1994-08-15,8,1994,39,51,8
1994-08-08,8,1994,43,48,8
1994-07-15,7,1994,42,48,8
1994-07-01,7,1994,43,48,8
1994-06-25,6,1994,44,47,8
1994-06-11,6,1994,49,43,7
1994-06-03,6,1994,45,47,7
1994-05-20,5,1994,50,42,6
1994-04-22,4,1994,48,44,7
1994-04-16,4,1994,50,40,8
1994-03-28,3,1994,50,42,7
1994-03-25,3,1994,52,40,6
1994-03-11,3,1994,50,41,8
1994-03-07,3,1994,50,41,8
1994-02-26,2,1994,53,40,5
1994-01-28,1,1994,57,34,7
1994-01-15,1,1994,53,38,8
1994-01-06,1,1994,54,38,7
1993-12-17,12,1993,47,42,9
1993-12-04,12,1993,52,38,9
1993-11-19,11,1993,47,43,8
1993-11-15,11,1993,49,42,7
1993-11-02,11,1993,47,44,7
1993-10-28,10,1993,47,44,7
1993-10-13,10,1993,47,44,9
1993-10-08,10,1993,50,41,8
1993-09-24,9,1993,56,34,8
1993-09-13,9,1993,46,42,10
1993-09-10,9,1993,46,41,11
1993-08-23,8,1993,44,46,8
1993-08-08,8,1993,43,47,8
1993-07-19,7,1993,41,48,9
1993-07-09,7,1993,49,43,7
1993-06-29,6,1993,45,47,6
1993-06-18,6,1993,38,50,10
1993-06-05,6,1993,36,49,14
1993-05-21,5,1993,43,45,10
1993-05-10,5,1993,45,44,10
1993-04-22,4,1993,55,37,8
1993-03-29,3,1993,51,36,11
1993-03-12,3,1993,53,34,13
1993-02-26,2,1993,58,28,12
1993-02-12,2,1993,51,33,15
1993-01-29,1,1993,53,30,16
1993-01-24,1,1993,58,20,22
1993-01-08,1,1993,56,37,7
1992-12-18,12,1992,49,40,10
1992-12-04,12,1992,48,47,3
1992-11-20,11,1992,42,46,11
1992-11-20,11,1992,42,46,11
1992-10-22,10,1992,37,58,4
1992-10-12,10,1992,34,56,9
1992-09-24,9,1992,29,59,10
1992-10-01,10,1992,33,57,8
1992-09-17,9,1992,36,53,9
1992-09-11,9,1992,39,54,6
1992-09-10,9,1992,35,58,6
1992-08-31,8,1992,39,53,6
1992-08-21,8,1992,39,54,6
1992-08-21,8,1992,37,55,6
1992-08-13,8,1992,36,57,5
1992-08-10,8,1992,35,58,6
1992-08-06,8,1992,34,59,6
1992-07-31,7,1992,29,59,10
1992-07-24,7,1992,31,59,9
1992-07-23,7,1992,31,59,8
1992-06-26,6,1992,38,54,6
1992-06-12,6,1992,36,54,8
1992-06-04,6,1992,36,56,6
1992-05-18,5,1992,41,51,7
1992-04-23,4,1992,40,48,10
1992-05-07,5,1992,40,52,6
1992-04-20,4,1992,42,47,10
1992-04-09,4,1992,39,53,6
1992-03-26,3,1992,41,51,7
1992-03-12,3,1992,40,48,10
1992-03-20,3,1992,40,49,9
1992-03-11,3,1992,41,46,11
1992-02-28,2,1992,41,52,5
1992-02-14,2,1992,38,50,10
1992-02-20,2,1992,41,51,7
1992-02-19,2,1992,38,47,13
1992-02-06,2,1992,43,47,8
1992-01-31,1,1992,46,48,5
1992-01-28,1,1992,43,51,4
1992-01-16,1,1992,45,47,6
1992-01-03,1,1992,46,46,7
1991-11-21,11,1991,51,39,9
1991-10-24,10,1991,62,29,8
1991-10-17,10,1991,65,26,7
1991-10-10,10,1991,65,27,6
1991-09-01,9,1991,62,27,9
1991-09-26,9,1991,66,24,9
1991-09-10,9,1991,65,25,9
1991-08-29,8,1991,68,22,9
1991-08-01,8,1991,69,21,9
1991-08-23,8,1991,73,18,7
1991-08-08,8,1991,67,22,10
1991-08-08,8,1991,70,21,7
1991-07-25,7,1991,70,20,8
1991-07-07,7,1991,67,23,9
1991-07-18,7,1991,69,21,9
1991-07-11,7,1991,71,20,7
1991-06-26,6,1991,71,21,6
1991-06-06,6,1991,69,19,10
1991-06-13,6,1991,72,19,8
1991-05-30,5,1991,73,17,9
1991-05-23,5,1991,76,15,7
1991-05-16,5,1991,76,15,7
1991-05-02,5,1991,74,19,6
1991-04-25,4,1991,76,15,8
1991-04-23,4,1991,73,13,13
1991-04-11,4,1991,77,12,10
1991-04-04,4,1991,82,12,5
1991-03-28,3,1991,81,11,6
1991-03-21,3,1991,83,10,5
1991-03-14,3,1991,86,9,4
1991-03-07,3,1991,87,8,4
1991-02-16,2,1991,79,14,6
1991-02-28,2,1991,89,7,3
1991-02-21,2,1991,80,13,6
1991-02-14,2,1991,80,13,6
1991-02-14,2,1991,79,15,5
1991-02-07,2,1991,78,17,3
1991-01-26,1,1991,74,18,7
1991-01-23,1,1991,82,12,4
1991-01-24,1,1991,86,9,4
1991-01-19,1,1991,79,14,5
1991-01-17,1,1991,82,11,5
1991-01-17,1,1991,82,12,4
1991-01-11,1,1991,64,24,10
1991-01-10,1,1991,64,26,9
1991-01-03,1,1991,58,30,10
1990-12-07,12,1990,62,27,10
1990-12-13,12,1990,62,30,6
1990-12-06,12,1990,57,33,9
1990-12-06,12,1990,62,27,9
1990-11-29,11,1990,60,29,10
1990-11-09,11,1990,51,36,12
1990-11-15,11,1990,54,32,13
1990-11-15,11,1990,58,32,8
1990-11-08,11,1990,57,33,8
1990-10-25,10,1990,54,35,10
1990-10-18,10,1990,52,36,10
1990-10-18,10,1990,56,32,10
1990-10-11,10,1990,56,33,10
1990-09-21,9,1990,66,22,11
1990-10-03,10,1990,65,25,9
1990-09-27,9,1990,67,19,12
1990-09-14,9,1990,73,16,9
1990-09-11,9,1990,54,34,11
1990-09-10,9,1990,76,15,7
1990-08-30,8,1990,74,17,8
1990-08-10,8,1990,68,20,11
1990-08-23,8,1990,75,16,7
1990-08-23,8,1990,73,16,10
1990-08-16,8,1990,74,16,8
1990-08-09,8,1990,74,15,10
1990-07-20,7,1990,61,26,12
1990-08-09,8,1990,75,15,9
1990-07-19,7,1990,60,25,14
1990-07-07,7,1990,59,24,15
1990-07-12,7,1990,64,26,9
1990-07-05,7,1990,63,24,12
1990-06-14,6,1990,69,16,14
1990-05-04,5,1990,65,20,13
1990-05-04,5,1990,67,19,13
1990-04-06,4,1990,71,15,13
1990-04-05,4,1990,67,16,16
1990-03-16,3,1990,73,18,8
1990-03-08,3,1990,68,18,13
1990-02-09,2,1990,72,15,11
1990-02-15,2,1990,73,15,11
1990-02-08,2,1990,73,16,10
1989-12-08,12,1989,66,15,17
1990-01-04,1,1990,79,10,9
1989-12-07,12,1989,71,20,8
1989-11-10,11,1989,63,22,14
1989-11-09,11,1989,69,17,13
1989-10-13,10,1989,59,22,17
1989-10-05,10,1989,67,20,12
1989-10-05,10,1989,66,17,15
1989-09-22,9,1989,66,18,14
1989-09-07,9,1989,69,16,13
1989-08-15,8,1989,64,18,17
1989-08-08,8,1989,60,20,19
1989-08-10,8,1989,69,18,12
1989-07-06,7,1989,66,18,15
1989-06-09,6,1989,63,16,20
1989-06-08,6,1989,69,14,16
1989-06-01,6,1989,62,18,19
1989-05-15,5,1989,62,17,19
1989-05-12,5,1989,61,22,16
1989-05-05,5,1989,58,18,23
1989-05-04,5,1989,56,22,22
1989-05-05,5,1989,55,23,20
1989-04-10,4,1989,57,15,26
1989-04-07,4,1989,54,18,27
1989-03-10,3,1989,56,16,27
1989-03-09,3,1989,62,15,22
1989-02-28,2,1989,62,13,24
1989-02-24,2,1989,60,11,27
1989-01-24,1,1989,51,6,43
1988-12-27,12,1988,63,29,8
1988-11-11,11,1988,56,35,8
1988-09-09,9,1988,53,37,9
1988-07-01,7,1988,50,35,14
1988-05-13,5,1988,49,37,12
1988-03-08,3,1988,51,36,11
1988-03-10,3,1988,51,41,6
1988-02-04,2,1988,52,36,10
1987-12-15,12,1987,51,35,12
1987-12-08,12,1987,61,32,6
1987-11-06,11,1987,52,38,9
1987-10-23,10,1987,50,40,8
1987-10-23,10,1987,50,40,8
1987-10-22,10,1987,48,38,12
1987-10-07,10,1987,47,41,11
1987-09-25,9,1987,51,38,10
1987-09-02,9,1987,51,36,11
1987-08-24,8,1987,48,42,8
1987-07-10,7,1987,48,43,8
1987-07-09,7,1987,50,39,10
1987-06-01,6,1987,45,40,14
1987-05-17,5,1987,49,42,8
1987-04-29,4,1987,47,44,8
1987-04-10,4,1987,48,43,8
1987-03-14,3,1987,46,43,9
1987-03-05,3,1987,46,45,8
1987-02-27,2,1987,40,52,7
1987-01-28,1,1987,49,40,9
1987-01-16,1,1987,48,42,8
1987-01-07,1,1987,52,36,10
1986-12-04,12,1986,47,43,8
1986-12-04,12,1986,47,43,8
1986-10-01,10,1986,64,28,7
1986-09-13,9,1986,62,26,10
1986-08-20,8,1986,63,28,7
1986-07-31,7,1986,59,28,12
1986-07-11,7,1986,63,27,8
1986-07-01,7,1986,67,22,9
1986-06-09,6,1986,67,23,9
1986-04-30,4,1986,67,21,10
1986-04-11,4,1986,61,28,9
1986-04-17,4,1986,67,20,12
1986-04-11,4,1986,61,28,9
1986-03-26,3,1986,63,24,12
1986-03-04,3,1986,63,25,11
1986-01-29,1,1986,71,19,8
1986-01-10,1,1986,63,27,9
1985-11-19,11,1985,66,26,7
1985-11-11,11,1985,65,23,10
1985-11-13,11,1985,69,23,6
1985-10-11,10,1985,62,29,8
1985-08-27,8,1985,61,29,9
1985-08-13,8,1985,65,25,8
1985-08-01,8,1985,62,24,13
1985-07-17,7,1985,67,20,11
1985-07-12,7,1985,62,28,9
1985-06-20,6,1985,65,25,9
1985-06-07,6,1985,57,32,9
1985-05-17,5,1985,55,36,8
1985-04-26,4,1985,54,32,12
1985-04-12,4,1985,52,37,10
1985-03-08,3,1985,55,37,7
1985-02-28,2,1985,57,30,11
1985-02-15,2,1985,59,31,9
1985-01-25,1,1985,63,28,7
1985-01-11,1,1985,61,29,9
1985-01-03,1,1985,59,29,11
1984-12-07,12,1984,59,31,9
1984-11-30,11,1984,61,30,7
1984-11-09,11,1984,61,30,8
1984-10-26,10,1984,58,32,8
1984-09-28,9,1984,53,35,10
1984-09-21,9,1984,56,36,6
1984-09-07,9,1984,56,35,7
1984-08-10,8,1984,53,38,8
1984-07-27,7,1984,51,36,11
1984-07-13,7,1984,55,34,9
1984-07-12,7,1984,51,38,10
1984-07-06,7,1984,53,35,10
1984-06-29,6,1984,53,36,10
1984-06-22,6,1984,54,36,9
1984-06-01,6,1984,52,36,11
1984-05-18,5,1984,53,38,8
1984-05-09,5,1984,49,38,11
1984-04-25,4,1984,48,38,13
1984-04-06,4,1984,54,36,9
1984-03-16,3,1984,53,38,7
1984-03-01,3,1984,52,35,12
1984-02-10,2,1984,55,35,8
1984-01-30,1,1984,52,37,9
1984-01-27,1,1984,55,36,8
1984-01-13,1,1984,52,37,9
1983-12-09,12,1983,53,37,8
1983-11-18,11,1983,52,37,10
1983-10-07,10,1983,45,43,10
1983-09-13,9,1983,47,42,10
1983-09-09,9,1983,47,41,10
1983-08-19,8,1983,42,46,11
1983-08-12,8,1983,43,44,11
1983-08-05,8,1983,43,46,9
1983-07-29,7,1983,44,42,13
1983-07-22,7,1983,42,46,10
1983-06-24,6,1983,46,43,9
1983-06-10,6,1983,43,45,11
1983-05-20,5,1983,45,42,11
1983-05-13,5,1983,43,45,11
1983-04-29,4,1983,42,46,10
1983-04-15,4,1983,40,49,10
1983-03-11,3,1983,40,49,10
1983-01-28,1,1983,35,56,8
1983-01-21,1,1983,37,52,9
1983-01-11,1,1983,36,54,9
1982-12-10,12,1982,41,50,8
1982-11-19,11,1982,43,46,9
1982-11-05,11,1982,42,47,10
1982-10-15,10,1982,41,47,10
1982-09-17,9,1982,42,47,9
1982-08-24,8,1982,41,45,12
1982-08-13,8,1982,40,48,10
1982-07-30,7,1982,40,46,12
1982-07-23,7,1982,42,46,11
1982-06-25,6,1982,44,45,10
1982-06-11,6,1982,44,45,9
1982-05-14,5,1982,44,44,10
1982-04-30,4,1982,44,45,9
1982-04-23,4,1982,43,47,9
1982-04-02,4,1982,45,46,8
1982-03-12,3,1982,46,44,9
1982-02-05,2,1982,46,43,10
1982-01-22,1,1982,47,41,11
1982-01-05,1,1982,49,39,11
1981-12-11,12,1981,48,41,10
1981-11-20,11,1981,54,36,8
1981-11-13,11,1981,48,40,10
1981-10-30,10,1981,54,34,11
1981-09-18,9,1981,51,37,10
1981-08-14,8,1981,59,29,10
1981-07-31,7,1981,59,28,12
1981-07-24,7,1981,55,30,13
1981-07-17,7,1981,59,29,10
1981-06-26,6,1981,57,30,12
1981-06-16,6,1981,58,28,12
1981-06-05,6,1981,58,28,12
1981-05-08,5,1981,68,21,11
1981-04-10,4,1981,66,19,13
1981-03-31,3,1981,66,18,15
1981-02-13,2,1981,55,17,26
1981-01-30,1,1981,51,13,36
1980-12-05,12,1980,34,55,11
1980-11-18,11,1980,31,56,12
1980-09-09,9,1980,37,54,7
1980-08-12,8,1980,32,54,13
1980-07-08,7,1980,32,54,12
1980-06-24,6,1980,30,58,10
1980-06-10,6,1980,32,55,11
1980-05-27,5,1980,38,51,10
1980-05-13,5,1980,38,50,10
1980-04-29,4,1980,42,47,10
1980-04-08,4,1980,38,50,10
1980-03-24,3,1980,39,50,10
1980-03-04,3,1980,42,44,12
1980-02-26,2,1980,51,38,10
1980-01-29,1,1980,55,35,8
1980-01-22,1,1980,57,32,9
1980-01-02,1,1980,56,33,10
1979-12-04,12,1979,54,35,10
1979-11-27,11,1979,51,36,11
1979-11-13,11,1979,37,49,12
1979-10-30,10,1979,31,55,12
1979-10-12,10,1979,31,54,13
1979-10-02,10,1979,28,58,12
1979-09-25,9,1979,32,53,13
1979-09-04,9,1979,29,55,14
1979-08-14,8,1979,32,53,13
1979-08-07,8,1979,33,54,11
1979-07-31,7,1979,32,53,14
1979-07-30,7,1979,32,53,14
1979-07-10,7,1979,29,57,13
1979-06-26,6,1979,28,59,12
1979-06-19,6,1979,29,56,13
1979-05-29,5,1979,29,55,15
1979-05-15,5,1979,32,52,15
1979-05-01,5,1979,37,48,14
1979-04-03,4,1979,40,45,13
1979-03-20,3,1979,42,43,13
1979-03-13,3,1979,46,39,13
1979-02-27,2,1979,39,47,12
1979-02-20,2,1979,37,46,16
1979-01-30,1,1979,42,42,15
1979-01-16,1,1979,43,41,15
1979-01-02,1,1979,50,35,13
1978-12-05,12,1978,51,33,15
1978-11-28,11,1978,50,33,16
1978-10-24,10,1978,49,36,14
1978-09-19,9,1978,47,34,18
1978-09-11,9,1978,44,40,15
1978-09-05,9,1978,42,41,16
1978-08-15,8,1978,42,40,16
1978-08-08,8,1978,40,43,16
1978-08-01,8,1978,39,43,17
1978-07-18,7,1978,38,44,17
1978-07-05,7,1978,40,41,18
1978-06-13,6,1978,42,42,15
1978-05-30,5,1978,43,40,15
1978-05-16,5,1978,42,43,14
1978-05-03,5,1978,41,42,15
1978-04-25,4,1978,41,41,17
1978-04-11,4,1978,40,43,15
1978-03-28,3,1978,47,38,13
1978-03-07,3,1978,49,34,15
1978-03-01,3,1978,48,33,18
1978-02-21,2,1978,50,33,16
1978-02-11,2,1978,46,34,18
1978-01-17,1,1978,51,28,19
1978-01-03,1,1978,54,26,18
1977-12-06,12,1977,56,27,16
1977-11-15,11,1977,55,29,14
1977-11-01,11,1977,54,30,15
1977-10-25,10,1977,51,30,18
1977-10-18,10,1977,54,29,16
1977-10-11,10,1977,54,29,15
1977-09-27,9,1977,59,23,17
1977-09-06,9,1977,53,29,17
1977-08-16,8,1977,66,15,18
1977-08-02,8,1977,59,22,17
1977-07-19,7,1977,66,17,16
1977-07-05,7,1977,62,22,15
1977-06-14,6,1977,63,17,18
1977-05-31,5,1977,62,19,18
1977-05-17,5,1977,63,18,17
1977-05-06,5,1977,65,18,15
1977-04-29,4,1977,63,18,19
1977-04-12,4,1977,63,17,19
1977-03-29,3,1977,67,14,18
1977-03-22,3,1977,71,10,18
1977-03-15,3,1977,74,8,16
1977-03-01,3,1977,70,9,20
1977-02-15,2,1977,71,8,20
1977-02-04,2,1977,66,8,26
1976-12-10,12,1976,53,32,15
1976-06-08,6,1976,45,39,14
1976-05-17,5,1976,47,37,15
1976-04-09,4,1976,48,41,11
1976-03-16,3,1976,50,35,13
1976-02-27,2,1976,50,39,11
1976-01-27,1,1976,46,39,13
1976-01-20,1,1976,44,44,10
