year,state,dem_voteshare,rep_voteshare
1976,Alabama,0.677773702,0.483029481
1976,Alaska,0.289269762,0.708260016
1976,Arizona,0.487991802,0.46704673
1976,Arkansas,0.775879188,0.224100003
1976,California,0.556845609,0.437595678
1976,Colorado,0.445392654,0.5258421
1976,Connecticut,0.505557401,0.48295404
1976,Delaware,0.47614199,0.514382686
1976,Florida,0.540584692,0.502795193
1976,Georgia,0.742498191,0.325958968
1976,Hawaii,0.627052683,0.264425385
1976,Idaho,0.473517652,0.526482348
1976,Illinois,0.514564305,0.483931131
1976,Indiana,0.554571441,0.473787219
1976,Iowa,0.571156797,0.424020733
1976,Kansas,0.383398714,0.599632021
1976,Kentucky,0.612448784,0.419165112
1976,Louisiana,0.615276777,0.49786356
1976,Maine,0.319659745,0.665324668
1976,Maryland,0.599624887,0.3894842
1976,Massachusetts,0.696051032,0.410104143
1976,Michigan,0.553116963,0.437983297
1976,Minnesota,0.579603941,0.45955522
1976,Mississippi,0.589639582,0.472704296
1976,Missouri,0.567409646,0.426414407
1976,Montana,0.562343996,0.437656004
1976,Nebraska,0.350621793,0.640785766
1976,Nevada,0.770507798,0.120702681
1976,New Hampshire,0.534238102,0.458532983
1976,New Jersey,0.547410642,0.433305476
1976,New Mexico,0.461975376,0.535136078
1976,New York,0.54082948,0.382655371
1976,North Carolina,0.643128825,0.406895622
1976,North Dakota,0.359675177,0.624456242
1976,Ohio,0.473098486,0.5154399
1976,Oklahoma,0.639832984,0.348546339
1976,Oregon,0.646550422,0.35019937
1976,Pennsylvania,0.578366828,0.432836919
1976,Rhode Island,0.697138699,0.291884581
1976,South Carolina,0.640622368,0.419713101
1976,South Dakota,0.245790264,0.749863546
1976,Tennessee,0.619451248,0.510952356
1976,Texas,0.682618348,0.412680415
1976,Utah,0.490155949,0.462281481
1976,Vermont,0.325798369,0.673535985
1976,Virginia,0.566702741,0.551789984
1976,Washington,0.57375621,0.410857308
1976,West Virginia,0.675902992,0.29190673
1976,Wisconsin,0.606591396,0.424991564
1976,Wyoming,0.564444123,0.435555877
1978,Alabama,0.68438171,0.482370066
1978,Alaska,0.444297712,0.554091813
1978,Arizona,0.504000139,0.595305162
1978,Arkansas,0.333798221,0.666206323
1978,California,0.520123096,0.4831844
1978,Colorado,0.470659765,0.512219315
1978,Connecticut,0.580199624,0.414755426
1978,Delaware,0.411656068,0.581908534
1978,Florida,0.585218683,0.414782702
1978,Georgia,0.802267777,0.320219939
1978,Hawaii,0.800508349,0.158531628
1978,Idaho,0.413666429,0.586333571
1978,Illinois,0.495866504,0.517981919
1978,Indiana,0.518986267,0.46968761
1978,Iowa,0.497076312,0.500629101
1978,Kansas,0.527583677,0.651812291
1978,Kentucky,0.554596082,0.522966453
1978,Louisiana,0.50103129,0.498995439
1978,Maine,0.381679575,0.564864879
1978,Maryland,0.65413389,0.404230697
1978,Massachusetts,0.744756408,0.433862332
1978,Michigan,0.568347322,0.443169649
1978,Minnesota,0.51168297,0.534703609
1978,Mississippi,0.596414278,0.455282767
1978,Missouri,0.625265958,0.372343089
1978,Montana,0.506417745,0.493582255
1978,Nebraska,0.371545632,0.628454368
1978,Nevada,0.724245356,0.242803347
1978,New Hampshire,0.473230462,0.517451494
1978,New Jersey,0.539704528,0.433203907
1978,New Mexico,0.585040732,0.625278019
1978,New York,0.530174496,0.410154491
1978,North Carolina,0.63730807,0.43141242
1978,North Dakota,0.308723004,0.670461251
1978,Ohio,0.475602042,0.544532093
1978,Oklahoma,0.561781865,0.438218879
1978,Oregon,0.672423917,0.371872312
1978,Pennsylvania,0.5095348,0.483196853
1978,Rhode Island,0.56583453,0.43416547
1978,South Carolina,0.655141295,0.426917992
1978,South Dakota,0.470403838,0.529596162
1978,Tennessee,0.546619971,0.53967626
1978,Texas,0.616186012,0.439070483
1978,Utah,0.42934645,0.544677709
1978,Vermont,0.192760286,0.752585019
1978,Virginia,0.53735604,0.638552749
1978,Washington,0.518358346,0.460718351
1978,West Virginia,0.656949949,0.407494434
1978,Wisconsin,0.529848699,0.466019571
1978,Wyoming,0.413690223,0.586309777
1980,Alabama,0.700724561,0.547513096
1980,Alaska,0.258197623,0.737876573
1980,Arizona,0.461706279,0.508253391
1980,Arkansas,0.209662943,0.789210338
1980,California,0.448236941,0.510843584
1980,Colorado,0.439615152,0.538668684
1980,Connecticut,0.519139515,0.478013358
1980,Delaware,0.375052522,0.617993767
1980,Florida,0.585957299,0.412271928
1980,Georgia,0.718585239,0.322050381
1980,Hawaii,0.854477279,0.16089332
1980,Idaho,0.438593406,0.561406594
1980,Illinois,0.458046224,0.540568452
1980,Indiana,0.49649829,0.50242721
1980,Iowa,0.511345637,0.484865987
1980,Kansas,0.433547241,0.557138785
1980,Kentucky,0.577990364,0.539492012
1980,Louisiana,0.42033094,0.503275492
1980,Maine,0.268735659,0.731223401
1980,Maryland,0.617205981,0.382794019
1980,Massachusetts,0.652943364,0.407612548
1980,Michigan,0.549993291,0.483794456
1980,Minnesota,0.475503606,0.518211068
1980,Mississippi,0.542503205,0.460984554
1980,Missouri,0.541342163,0.458657837
1980,Montana,0.520575056,0.479424944
1980,Nebraska,0.267752187,0.721823367
1980,Nevada,0.699519974,0.267606947
1980,New Hampshire,0.486958073,0.512918411
1980,New Jersey,0.480085796,0.499375681
1980,New Mexico,0.430493756,0.458590281
1980,New York,0.462139373,0.437636608
1980,North Carolina,0.555328573,0.472430053
1980,North Dakota,0.567897064,0.425510789
1980,Ohio,0.452569655,0.57548372
1980,Oklahoma,0.526161973,0.468187443
1980,Oregon,0.59355862,0.396531217
1980,Pennsylvania,0.493715046,0.516036084
1980,Rhode Island,0.552796364,0.447203636
1980,South Carolina,0.55796131,0.557578696
1980,South Dakota,0.542583325,0.457416675
1980,Tennessee,0.647885867,0.518325949
1980,Texas,0.591128256,0.486118611
1980,Utah,0.392389442,0.594251564
1980,Vermont,,0.792379954
1980,Virginia,0.469134635,0.697806565
1980,Washington,0.501851197,0.487525557
1980,West Virginia,0.570090051,0.429909949
1980,Wisconsin,0.502255511,0.494521929
1980,Wyoming,0.314309454,0.685690546
1982,Alabama,0.704027704,0.447112253
1982,Alaska,0.287220296,0.708367388
1982,Arizona,0.422627779,0.555366935
1982,Arkansas,0.523506463,0.476493537
1982,California,0.503151219,0.482795714
1982,Colorado,0.473674033,0.512398511
1982,Connecticut,0.539265686,0.453473927
1982,Delaware,0.523933342,0.463422027
1982,Florida,0.592940121,0.407038359
1982,Georgia,0.740898396,0.333556479
1982,Hawaii,0.895728647,
1982,Idaho,0.470178673,0.529821327
1982,Illinois,0.579367296,0.417463343
1982,Indiana,0.491296311,0.506503825
1982,Iowa,0.526214379,0.473107856
1982,Kansas,0.456811376,0.529965822
1982,Kentucky,0.590142164,0.430013452
1982,Louisiana,1,1
1982,Maine,0.413521446,0.577087678
1982,Maryland,0.680559514,0.319440486
1982,Massachusetts,0.764804805,0.321810302
1982,Michigan,0.594471047,0.449744079
1982,Minnesota,0.54649069,0.444351234
1982,Mississippi,0.57461334,0.500987294
1982,Missouri,0.570317243,0.427545904
1982,Montana,0.524112353,0.449770802
1982,Nebraska,0.334875417,0.774767329
1982,Nevada,0.487738815,0.494988721
1982,New Hampshire,0.424616426,0.57256859
1982,New Jersey,0.562146042,0.426576705
1982,New Mexico,0.513544996,0.486054909
1982,New York,0.525774788,0.41246698
1982,North Carolina,0.538433117,0.438896206
1982,North Dakota,0.716064169,0.277317763
1982,Ohio,0.543371921,0.475944996
1982,Oklahoma,0.629916947,0.362229717
1982,Oregon,0.569468475,0.430345298
1982,Pennsylvania,0.526628964,0.476052314
1982,Rhode Island,0.522306127,0.47281966
1982,South Carolina,0.537086893,0.515908459
1982,South Dakota,0.515584868,0.484415132
1982,Tennessee,0.654234005,0.438164091
1982,Texas,0.664034326,0.429372685
1982,Utah,0.416017239,0.637194655
1982,Vermont,0.232165916,0.692272251
1982,Virginia,0.50088535,0.553398486
1982,Washington,0.527580518,0.461886395
1982,West Virginia,0.628173711,0.370385961
1982,Wisconsin,0.573867259,0.507792783
1982,Wyoming,0.289062451,0.710937549
1984,Alabama,0.715472403,0.499922947
1984,Alaska,0.41684388,0.550201756
1984,Arizona,0.412065382,0.733338768
1984,Arkansas,0.73683313,0.414652182
1984,California,0.507305169,0.501445426
1984,Colorado,0.412965324,0.624940888
1984,Connecticut,0.466154852,0.531769449
1984,Delaware,0.584616524,0.414173669
1984,Florida,0.510819746,0.525018165
1984,Georgia,0.717127917,0.412895132
1984,Hawaii,0.824586547,0.147340769
1984,Idaho,0.406978955,0.593021045
1984,Illinois,0.51699959,0.501532361
1984,Indiana,0.468941943,0.525907933
1984,Iowa,0.469226901,0.530773099
1984,Kansas,0.43755412,0.545079325
1984,Kentucky,0.552874326,0.491716734
1984,Louisiana,1,1
1984,Maine,0.299737045,0.692381698
1984,Maryland,0.638591434,0.395278476
1984,Massachusetts,0.689726591,0.385687995
1984,Michigan,0.539178795,0.495309011
1984,Minnesota,0.536994562,0.456743033
1984,Mississippi,0.602129016,0.587468926
1984,Missouri,0.553886683,0.48917244
1984,Montana,0.505470176,0.481963385
1984,Nebraska,0.25784811,0.741655014
1984,Nevada,0.404147452,0.573363781
1984,New Hampshire,0.319420644,0.672040805
1984,New Jersey,0.504175277,0.49164577
1984,New Mexico,0.402567952,0.588777471
1984,New York,0.494170071,0.437869839
1984,North Carolina,0.524170454,0.475697459
1984,North Dakota,0.786994419,0.213005581
1984,Ohio,0.49260435,0.537965573
1984,Oklahoma,0.581102077,0.412331981
1984,Oregon,0.544326464,0.455509015
1984,Pennsylvania,0.524663666,0.492050637
1984,Rhode Island,0.500792584,0.499207416
1984,South Carolina,0.507294077,0.53791306
1984,South Dakota,0.57365079,0.42634921
1984,Tennessee,0.663426528,0.556411571
1984,Texas,0.575813315,0.551103571
1984,Utah,0.346413634,0.644521047
1984,Vermont,0.266729121,0.654118261
1984,Virginia,0.529247412,0.627138182
1984,Washington,0.551400334,0.442229207
1984,West Virginia,0.609352484,0.390647516
1984,Wisconsin,0.497756553,0.54464322
1984,Wyoming,0.244044831,0.735662892
1986,Alabama,0.666029471,0.391170193
1986,Alaska,0.410773421,0.564681019
1986,Arizona,0.395795931,0.671792766
1986,Arkansas,0.580898227,0.403054181
1986,California,0.513969206,0.469943853
1986,Colorado,0.441620337,0.556083582
1986,Connecticut,0.556255008,0.442989624
1986,Delaware,0.661563727,0.33446133
1986,Florida,0.579500973,0.485791773
1986,Georgia,0.727634026,0.380345625
1986,Hawaii,0.564291235,0.407776664
1986,Idaho,0.434383899,0.552677301
1986,Illinois,0.559200683,0.461718939
1986,Indiana,0.506856607,0.486101959
1986,Iowa,0.481142542,0.518724813
1986,Kansas,0.461286174,0.602728069
1986,Kentucky,0.653963478,0.497918521
1986,Louisiana,0.495355069,0.513593315
1986,Maine,0.392434125,0.59063634
1986,Maryland,0.629001049,0.370996129
1986,Massachusetts,0.674145715,0.386381698
1986,Michigan,0.576679203,0.41987456
1986,Minnesota,0.597093627,0.400405904
1986,Mississippi,0.602651448,0.469622202
1986,Missouri,0.579251353,0.460936635
1986,Montana,0.541379592,0.458620408
1986,Nebraska,0.354119369,0.64512447
1986,Nevada,0.471420407,0.520240719
1986,New Hampshire,0.350887031,0.648888667
1986,New Jersey,0.522074689,0.485477782
1986,New Mexico,0.463683863,0.536269464
1986,New York,0.531159789,0.444629086
1986,North Carolina,0.566012827,0.433987173
1986,North Dakota,0.755193619,0.233931995
1986,Ohio,0.512969812,0.522426765
1986,Oklahoma,0.593724483,0.401510606
1986,Oregon,0.566881296,0.432809458
1986,Pennsylvania,0.532131193,0.569477624
1986,Rhode Island,0.424202471,0.575797529
1986,South Carolina,0.632240893,0.421269274
1986,South Dakota,0.59181356,0.40818644
1986,Tennessee,0.575784747,0.456881786
1986,Texas,0.600757657,0.539717576
1986,Utah,0.458687718,0.535726862
1986,Vermont,,0.891238079
1986,Virginia,0.554163413,0.563433277
1986,Washington,0.592876627,0.407123373
1986,West Virginia,0.755282704,0.31747759
1986,Wisconsin,0.561268934,0.580609759
1986,Wyoming,0.305281406,0.694718594
1988,Alabama,0.687523383,0.47041103
1988,Alaska,0.372527273,0.624990283
1988,Arizona,0.362347968,0.681098953
1988,Arkansas,0.582856511,0.417144177
1988,California,0.527078083,0.467194369
1988,Colorado,0.490675203,0.507111901
1988,Connecticut,0.492581735,0.50485749
1988,Delaware,0.675166406,0.324833594
1988,Florida,0.506888535,0.554716468
1988,Georgia,0.667000164,0.378318937
1988,Hawaii,0.650905752,0.547102022
1988,Idaho,0.486665325,0.499337316
1988,Illinois,0.533487847,0.48057771
1988,Indiana,0.517384778,0.482615222
1988,Iowa,0.488072425,0.510320015
1988,Kansas,0.480447754,0.606511348
1988,Kentucky,0.534072667,0.575047807
1988,Louisiana,0.432441934,0.567575485
1988,Maine,0.498004988,0.50163818
1988,Maryland,0.600238696,0.432346913
1988,Massachusetts,0.753924911,0.359028868
1988,Michigan,0.527747568,0.483412228
1988,Minnesota,0.58336592,0.411166579
1988,Mississippi,0.660823924,0.334983809
1988,Missouri,0.554680594,0.439380326
1988,Montana,0.529403067,0.470596933
1988,Nebraska,0.349735935,0.648697656
1988,Nevada,0.514064148,0.463630209
1988,New Hampshire,0.410478255,0.585719641
1988,New Jersey,0.481367053,0.526792604
1988,New Mexico,0.599322353,0.525989697
1988,New York,0.547901327,0.465037162
1988,North Carolina,0.558435067,0.497786447
1988,North Dakota,0.708652519,0.281600229
1988,Ohio,0.516644745,0.502867968
1988,Oklahoma,0.528759588,0.47124164
1988,Oregon,0.649244428,0.430047453
1988,Pennsylvania,0.581836493,0.501582164
1988,Rhode Island,0.358752308,0.641247692
1988,South Carolina,0.554435671,0.443300799
1988,South Dakota,0.71736942,0.28263058
1988,Tennessee,0.59901896,0.533689869
1988,Texas,0.627452042,0.585257324
1988,Utah,0.427364343,0.560331741
1988,Vermont,0.188771962,0.41201261
1988,Virginia,0.512203489,0.613285503
1988,Washington,0.570915476,0.477394204
1988,West Virginia,0.767907362,0.293105861
1988,Wisconsin,0.508601403,0.536859587
1988,Wyoming,0.318191285,0.666193829
1990,Alabama,0.739267297,0.424823853
1990,Alaska,0.478363867,0.516590398
1990,Arizona,0.43111552,0.642529029
1990,Arkansas,0.555119679,0.444880321
1990,California,0.517421362,0.465612972
1990,Colorado,0.503299867,0.487084893
1990,Connecticut,0.471800342,0.526333504
1990,Delaware,0.655304759,0.327088793
1990,Florida,0.533927898,0.489005771
1990,Georgia,0.613342384,0.386657616
1990,Hawaii,0.632778982,0.344889574
1990,Idaho,0.582050923,0.417949077
1990,Illinois,0.606958153,0.477860317
1990,Indiana,0.548875714,0.451124286
1990,Iowa,0.571057359,0.687787841
1990,Kansas,0.50406147,0.495750309
1990,Kentucky,0.56805912,0.597123383
1990,Louisiana,0.500007085,1
1990,Maine,0.549718396,0.449444717
1990,Maryland,0.518703985,0.474429711
1990,Massachusetts,0.585842738,0.418978382
1990,Michigan,0.542995255,0.466341844
1990,Minnesota,0.585204372,0.41354908
1990,Mississippi,0.812169269,0.216747041
1990,Missouri,0.538204816,0.461795184
1990,Montana,0.49505724,0.50494276
1990,Nebraska,0.47162486,0.526813988
1990,Nevada,0.46071213,0.481966773
1990,New Hampshire,0.485295787,0.512364476
1990,New Jersey,0.45821681,0.554375517
1990,New Mexico,0.522258547,0.594997968
1990,New York,0.443824698,0.356727455
1990,North Carolina,0.535121413,0.464878587
1990,North Dakota,0.65189611,0.348078246
1990,Ohio,0.528516238,0.481714529
1990,Oklahoma,0.605912423,0.394087577
1990,Oregon,0.633950856,0.396491143
1990,Pennsylvania,0.609769118,0.502413942
1990,Rhode Island,0.52455278,0.47544722
1990,South Carolina,0.673583578,0.567908076
1990,South Dakota,0.67553576,0.32446424
1990,Tennessee,0.624791056,0.499498136
1990,Texas,0.615480194,0.576166393
1990,Utah,0.528751982,0.432070066
1990,Vermont,0.030092063,0.395213861
1990,Virginia,0.574911048,0.55531592
1990,Washington,0.530205594,0.454157234
1990,West Virginia,0.670827449,0.412022775
1990,Wisconsin,0.582131953,0.560996652
1990,Wyoming,0.449065199,0.550934801
1992,Alabama,0.558864824,0.401332638
1992,Alaska,0.428152027,0.467760418
1992,Arizona,0.413600621,0.525631055
1992,Arkansas,0.591091263,0.401678745
1992,California,0.512573276,0.428984885
1992,Colorado,0.467465382,0.512210242
1992,Connecticut,0.349707315,0.487160692
1992,Delaware,0.42526546,0.554232881
1992,Florida,0.485691909,0.521759713
1992,Georgia,0.548689762,0.451304366
1992,Hawaii,0.727576577,0.227784427
1992,Idaho,0.470416435,0.488035242
1992,Illinois,0.554278142,0.434018341
1992,Indiana,0.5434349,0.449907525
1992,Iowa,0.472040189,0.587149761
1992,Kansas,0.434151177,0.526008303
1992,Kentucky,0.530341073,0.468925595
1992,Louisiana,0.449925384,0.543207387
1992,Maine,0.542906683,0.415570334
1992,Maryland,0.529398897,0.418813562
1992,Massachusetts,0.580747899,0.351956347
1992,Michigan,0.512704557,0.477612905
1992,Minnesota,0.517790147,
1992,Mississippi,0.693579145,0.283026432
1992,Missouri,0.540538722,0.441236044
1992,Montana,0.504566114,0.469540664
1992,Nebraska,0.398514423,0.601261896
1992,Nevada,0.498988716,0.434581633
1992,New Hampshire,0.520599332,0.444549297
1992,New Jersey,0.452885429,0.502431863
1992,New Mexico,0.490652465,0.500058495
1992,New York,0.416272817,0.369254521
1992,North Carolina,0.506595353,0.475590299
1992,North Dakota,0.568224694,0.394235611
1992,Ohio,0.50079789,0.496045942
1992,Oklahoma,0.599083951,0.395182708
1992,Oregon,0.593056716,0.397698658
1992,Pennsylvania,0.573924802,0.490028026
1992,Rhode Island,0.483164451,0.466697783
1992,South Carolina,0.534888663,0.521008562
1992,South Dakota,0.691104289,0.268472403
1992,Tennessee,0.511668484,0.47219957
1992,Texas,0.537666945,0.513971025
1992,Utah,0.456404106,0.498927417
1992,Vermont,0.079239015,0.30907804
1992,Virginia,0.545254298,0.483792011
1992,Washington,0.55630104,0.410214691
1992,West Virginia,0.781054766,0.316178756
1992,Wisconsin,0.483205957,0.507061346
1992,Wyoming,0.393030658,0.578148718
1994,Alabama,0.496990634,0.561945224
1994,Alaska,0.327372263,0.569232616
1994,Arizona,0.372636073,0.593812563
1994,Arkansas,0.474072371,0.525927629
1994,California,0.47511086,0.49575043
1994,Colorado,0.397429298,0.650915547
1994,Connecticut,0.389176808,0.472470624
1994,Delaware,0.265594232,0.707381236
1994,Florida,0.502025658,0.610192042
1994,Georgia,0.454781054,0.545218279
1994,Hawaii,0.618988314,0.33751292
1994,Idaho,0.350465423,0.649534577
1994,Illinois,0.479616288,0.534804679
1994,Indiana,0.43174666,0.566052089
1994,Iowa,0.416724473,0.573064827
1994,Kansas,0.364901468,0.635098532
1994,Kentucky,0.40295474,0.574576788
1994,Louisiana,1,1
1994,Maine,0.469475573,0.465659895
1994,Maryland,0.492398554,0.507465394
1994,Massachusetts,0.68943617,0.384627813
1994,Michigan,0.472230122,0.510171911
1994,Minnesota,0.505555127,0.484418478
1994,Mississippi,0.571459201,0.413374409
1994,Missouri,0.506526148,0.472375742
1994,Montana,0.48666839,0.422326223
1994,Nebraska,0.355772886,0.640199172
1994,Nevada,0.366188158,0.574239761
1994,New Hampshire,0.377265308,0.582226604
1994,New Jersey,0.438805037,0.544233351
1994,New Mexico,0.406261644,0.570785782
1994,New York,0.418526167,0.403492381
1994,North Carolina,0.457140556,0.571148918
1994,North Dakota,0.523108556,0.45026743
1994,Ohio,0.4626821,0.58373316
1994,Oklahoma,0.463614389,0.572521841
1994,Oregon,0.542005286,0.417976507
1994,Pennsylvania,0.573138462,0.499768427
1994,Rhode Island,0.612711607,0.387288393
1994,South Carolina,0.42648852,0.636341003
1994,South Dakota,0.598309373,0.366282909
1994,Tennessee,0.482340937,0.547717546
1994,Texas,0.515422739,0.556841891
1994,Utah,0.428433486,0.500248836
1994,Vermont,,0.465942142
1994,Virginia,0.539204569,0.570656041
1994,Washington,0.490048219,0.506027853
1994,West Virginia,0.661398943,0.338601057
1994,Wisconsin,0.457616443,0.612312526
1994,Wyoming,0.412962482,0.532250748
1996,Alabama,0.446687633,0.534838118
1996,Alaska,0.364201968,0.59406932
1996,Arizona,0.384346299,0.59045255
1996,Arkansas,0.458123194,0.528232934
1996,California,0.496403972,0.452669824
1996,Colorado,0.408263752,0.56989808
1996,Connecticut,0.52096791,0.422675737
1996,Delaware,0.27454831,0.695485157
1996,Florida,0.458399825,0.562564298
1996,Georgia,0.467454672,0.568428444
1996,Hawaii,0.554720261,0.384467493
1996,Idaho,0.391728371,0.586993397
1996,Illinois,0.549318176,0.470466357
1996,Indiana,0.443489686,0.528358893
1996,Iowa,0.443732209,0.541290585
1996,Kansas,0.40517963,0.563598436
1996,Kentucky,0.452930749,0.590171389
1996,Louisiana,0.473062428,0.582772319
1996,Maine,0.632184061,0.352134045
1996,Maryland,0.534793762,0.464947583
1996,Massachusetts,0.657996119,0.350907373
1996,Michigan,0.525768556,0.453765265
1996,Minnesota,0.551024278,0.417943823
1996,Mississippi,0.439539413,0.539719582
1996,Missouri,0.527544091,0.39378612
1996,Montana,0.431515283,0.524137914
1996,Nebraska,0.30937561,0.681105466
1996,Nevada,0.38423469,0.553113154
1996,New Hampshire,0.450833984,0.503010164
1996,New Jersey,0.478811856,0.495508755
1996,New Mexico,0.494468,0.475897913
1996,New York,0.453831485,0.317026506
1996,North Carolina,0.451845206,0.532919707
1996,North Dakota,0.550674879,0.43224212
1996,Ohio,0.46304157,0.528154903
1996,Oklahoma,0.364769045,0.612635407
1996,Oregon,0.542668837,0.417602641
1996,Pennsylvania,0.514980413,0.472038408
1996,Rhode Island,0.668833028,0.299260861
1996,South Carolina,0.467924375,0.645856398
1996,South Dakota,0.369882086,0.576705662
1996,Tennessee,0.48031484,0.498039618
1996,Texas,0.389582735,0.417868448
1996,Utah,0.398193774,0.581952803
1996,Vermont,0.093558848,0.325948348
1996,Virginia,0.505457556,0.508020792
1996,Washington,0.519536983,0.469379251
1996,West Virginia,0.877609272,0.311133714
1996,Wisconsin,0.470778165,0.521231887
1996,Wyoming,0.408242572,0.552444722
1998,Alabama,0.495150302,0.618611745
1998,Alaska,0.345866547,0.625508285
1998,Arizona,0.405307612,0.571498736
1998,Arkansas,0.505164682,0.608905633
1998,California,0.561971741,0.461716909
1998,Colorado,0.418551519,0.561802427
1998,Connecticut,0.519202521,0.463159196
1998,Delaware,0.318209263,0.663666225
1998,Florida,0.541578947,0.642156581
1998,Georgia,0.45760072,0.63718753
1998,Hawaii,0.656566241,0.300240035
1998,Idaho,0.447138419,0.540000898
1998,Illinois,0.564329704,0.528432869
1998,Indiana,0.427269745,0.559996644
1998,Iowa,0.441280169,0.612597299
1998,Kansas,0.374256304,0.618635284
1998,Kentucky,0.415173152,0.579773438
1998,Louisiana,0.38889568,0.507443176
1998,Maine,0.676721674,0.301129168
1998,Maryland,0.545234978,0.454758224
1998,Massachusetts,0.749980623,0.315482832
1998,Michigan,0.521863691,0.481799243
1998,Minnesota,0.53465699,0.42310783
1998,Mississippi,0.583058049,0.530776908
1998,Missouri,0.50101551,0.476066349
1998,Montana,0.44359088,0.530078329
1998,Nebraska,0.300226862,0.746704591
1998,Nevada,0.49238897,0.671383084
1998,New Hampshire,0.390541341,0.598945538
1998,New Jersey,0.497041844,0.472802094
1998,New Mexico,0.458285278,0.494538769
1998,New York,0.453613763,0.341377169
1998,North Carolina,0.504943043,0.573672645
1998,North Dakota,0.56211717,0.411065913
1998,Ohio,0.472266923,0.519251448
1998,Oklahoma,0.366108114,0.626792353
1998,Oregon,0.578935156,0.442666311
1998,Pennsylvania,0.544180685,0.526178258
1998,Rhode Island,0.695362317,0.26158226
1998,South Carolina,0.518178448,0.59535459
1998,South Dakota,0.249170502,0.750829498
1998,Tennessee,0.57346485,0.628873615
1998,Texas,0.525056494,0.611952955
1998,Utah,0.372373619,0.646185932
1998,Vermont,,0.328819846
1998,Virginia,0.613295835,0.621127091
1998,Washington,0.527519741,0.495940033
1998,West Virginia,0.80640634,0.21399455
1998,Wisconsin,0.574747565,0.526043114
1998,Wyoming,0.38686366,0.57793352
2000,Alabama,0.563483233,0.690722094
2000,Alaska,0.165354072,0.695578969
2000,Arizona,0.380613868,0.583162079
2000,Arkansas,0.56160818,0.437992876
2000,California,0.537584468,0.43553074
2000,Colorado,0.47037789,0.596503317
2000,Connecticut,0.532350456,0.449709552
2000,Delaware,0.308144325,0.676395445
2000,Florida,0.545288561,0.623051314
2000,Georgia,0.414117016,0.620012977
2000,Hawaii,0.650286114,0.325755528
2000,Idaho,0.288828918,0.674982499
2000,Illinois,0.55850541,0.483330069
2000,Indiana,0.441947213,0.528831424
2000,Iowa,0.416668887,0.562193656
2000,Kansas,0.412277087,0.63305665
2000,Kentucky,0.391353266,0.574689862
2000,Louisiana,0.25055399,0.733409052
2000,Maine,0.661977854,0.318667479
2000,Maryland,0.476346211,0.444427029
2000,Massachusetts,0.719810591,0.236832126
2000,Michigan,0.535085978,0.439098106
2000,Minnesota,0.522140779,0.420254275
2000,Mississippi,0.502654291,0.475067916
2000,Missouri,0.488445207,0.488317938
2000,Montana,0.462755864,0.514999233
2000,Nebraska,0.260691788,0.712243676
2000,Nevada,0.383272565,0.564019957
2000,New Hampshire,0.429375828,0.545257702
2000,New Jersey,0.512757874,0.463206852
2000,New Mexico,0.510355498,0.466400801
2000,New York,0.439177334,0.330052145
2000,North Carolina,0.50175294,0.544933448
2000,North Dakota,0.529209754,0.445466257
2000,Ohio,0.457761528,0.51145502
2000,Oklahoma,0.362981108,0.645342823
2000,Oregon,0.548863821,0.421595248
2000,Pennsylvania,0.543298924,0.52811457
2000,Rhode Island,0.643416642,0.232788233
2000,South Carolina,0.462032164,0.552332076
2000,South Dakota,0.248826888,0.73415385
2000,Tennessee,0.55082395,0.579753647
2000,Texas,0.528930397,0.578857603
2000,Utah,0.401707273,0.562300825
2000,Vermont,0.052645695,0.183427087
2000,Virginia,0.534623507,0.603290066
2000,Washington,0.522945873,0.471452356
2000,West Virginia,0.725649799,0.484894011
2000,Wisconsin,0.473949393,0.523257261
2000,Wyoming,0.285607973,0.668111082
2002,Alabama,0.557666698,0.630032118
2002,Alaska,0.172826875,0.745131189
2002,Arizona,0.395290522,0.570932686
2002,Arkansas,0.719132242,0.530700458
2002,California,0.522859141,0.454881671
2002,Colorado,0.421922599,0.512378114
2002,Connecticut,0.514536914,0.47101765
2002,Delaware,0.26711762,0.720671614
2002,Florida,0.455909566,0.591707321
2002,Georgia,0.454996019,0.649879716
2002,Hawaii,0.645428686,0.324161629
2002,Idaho,0.340815213,0.632922081
2002,Illinois,0.537773488,0.506304738
2002,Indiana,0.421051525,0.552596275
2002,Iowa,0.447896649,0.539571528
2002,Kansas,0.418314613,0.645900059
2002,Kentucky,0.375901126,0.634101049
2002,Louisiana,0.274463539,0.286515246
2002,Maine,0.584529593,0.415470407
2002,Maryland,0.54502014,0.453803327
2002,Massachusetts,0.688472774,0.305408713
2002,Michigan,0.493201832,0.535944481
2002,Minnesota,0.524948196,0.428397939
2002,Mississippi,0.472461617,0.499998524
2002,Missouri,0.447342227,0.531897216
2002,Montana,0.326671114,0.646201116
2002,Nebraska,0.329847761,0.816499724
2002,Nevada,0.341056046,0.599976487
2002,New Hampshire,0.396680069,0.57458794
2002,New Jersey,0.513546212,0.498201817
2002,New Mexico,0.599026275,0.55739508
2002,New York,0.412096721,0.375426909
2002,North Carolina,0.502514342,0.538748987
2002,North Dakota,0.524057482,0.475942518
2002,Ohio,0.439117593,0.562236247
2002,Oklahoma,0.486405415,0.545821139
2002,Oregon,0.545764584,0.426502139
2002,Pennsylvania,0.526642878,0.583410027
2002,Rhode Island,0.683439647,0.295480056
2002,South Carolina,0.514399126,0.675733551
2002,South Dakota,0.456059117,0.534683137
2002,Tennessee,0.505800055,0.556272696
2002,Texas,0.499246038,0.588328222
2002,Utah,0.397379176,0.577913069
2002,Vermont,,0.323246987
2002,Virginia,0.494603444,0.750591804
2002,Washington,0.521782331,0.447883867
2002,West Virginia,0.6603942,0.46938217
2002,Wisconsin,0.54398882,0.594277824
2002,Wyoming,0.362120646,0.605148447
2004,Alabama,0.464627511,0.60223209
2004,Alaska,0.223582981,0.710729476
2004,Arizona,0.429907604,0.602524253
2004,Arkansas,0.538876272,0.452252161
2004,California,0.555914055,0.450046706
2004,Colorado,0.488120466,0.48642945
2004,Connecticut,0.549958775,0.440902391
2004,Delaware,0.296917524,0.69086211
2004,Florida,0.45291411,0.657230188
2004,Georgia,0.562925357,0.703084572
2004,Hawaii,0.628667451,0.356345872
2004,Idaho,0.298833386,0.701166614
2004,Illinois,0.536270325,0.477831111
2004,Indiana,0.413484361,0.571835873
2004,Iowa,0.428361477,0.564171583
2004,Kansas,0.433779103,0.625912003
2004,Kentucky,0.413047863,0.622157685
2004,Louisiana,0.200564975,0.437323277
2004,Maine,0.58912157,0.398788469
2004,Maryland,0.515944908,0.397703149
2004,Massachusetts,0.703677426,0.284290256
2004,Michigan,0.484188232,0.494154918
2004,Minnesota,0.514249833,0.454165642
2004,Mississippi,0.613671502,0.590026187
2004,Missouri,0.447192994,0.53609099
2004,Montana,0.32777165,0.643981721
2004,Nebraska,0.301575744,0.673377588
2004,Nevada,0.421908108,0.531581321
2004,New Hampshire,0.373724227,0.607803354
2004,New Jersey,0.524080442,0.484904359
2004,New Mexico,0.518105422,0.481633439
2004,New York,0.484739389,0.312894439
2004,North Carolina,0.489255571,0.510722162
2004,North Dakota,0.59562954,0.40437046
2004,Ohio,0.485118181,0.559434073
2004,Oklahoma,0.454141544,0.63656819
2004,Oregon,0.536977249,0.4296916
2004,Pennsylvania,0.55315637,0.564343577
2004,Rhode Island,0.694511096,0.280867781
2004,South Carolina,0.470113866,0.634533096
2004,South Dakota,0.533643329,0.459146836
2004,Tennessee,0.519529445,0.523189759
2004,Texas,0.442180042,0.598546758
2004,Utah,0.397893178,0.572590628
2004,Vermont,0.071093217,0.243505088
2004,Virginia,0.465472823,0.604999256
2004,Washington,0.58928716,0.401280222
2004,West Virginia,0.575614974,0.419925837
2004,Wisconsin,0.48519134,0.543873414
2004,Wyoming,0.418078883,0.552372231
2006,Alabama,0.515525973,0.730133704
2006,Alaska,0.400089497,0.565718426
2006,Arizona,0.48637397,0.516522787
2006,Arkansas,0.598378005,0.401621995
2006,California,0.578021992,0.434540882
2006,Colorado,0.541220138,0.393959049
2006,Connecticut,0.603544675,0.390694857
2006,Delaware,0.387633396,0.571714065
2006,Florida,0.435736378,0.580346831
2006,Georgia,0.450269081,0.58427024
2006,Hawaii,0.650433208,0.349566792
2006,Idaho,0.398323849,0.557156203
2006,Illinois,0.575346675,0.437753885
2006,Indiana,0.487422927,0.498994554
2006,Iowa,0.477198516,0.505709205
2006,Kansas,0.43684677,0.543429567
2006,Kentucky,0.480024347,0.572963982
2006,Louisiana,0.148635803,0.458127366
2006,Maine,0.654434005,0.304460595
2006,Maryland,0.646273047,0.409357872
2006,Massachusetts,0.727463026,0.25969117
2006,Michigan,0.527498707,0.490416466
2006,Minnesota,0.528974187,0.424344669
2006,Mississippi,0.592713852,0.50659151
2006,Missouri,0.473107134,0.500326607
2006,Montana,0.391298246,0.58879409
2006,Nebraska,0.439382171,0.560617829
2006,Nevada,0.500809809,0.45286147
2006,New Hampshire,0.520114536,0.47089545
2006,New Jersey,0.565218734,0.473743565
2006,New Mexico,0.558069736,0.441689658
2006,New York,0.541427638,0.278564865
2006,North Carolina,0.529117254,0.491790337
2006,North Dakota,0.656802423,0.343197577
2006,Ohio,0.525532573,0.472178219
2006,Oklahoma,0.411942633,0.572280638
2006,Oregon,0.564191703,0.410694737
2006,Pennsylvania,0.55541378,0.468660342
2006,Rhode Island,0.710037304,0.232288011
2006,South Carolina,0.435201978,0.552026964
2006,South Dakota,0.690930022,0.293390734
2006,Tennessee,0.501835113,0.466092388
2006,Texas,0.374916674,0.515496029
2006,Utah,0.429150942,0.512971967
2006,Vermont,0.532170398,0.445418421
2006,Virginia,0.499816613,0.566567605
2006,Washington,0.605677255,0.388502066
2006,West Virginia,0.580066973,0.419717554
2006,Wisconsin,0.539372941,0.504053721
2006,Wyoming,0.47052468,0.475682287
2008,Alabama,0.53068339,0.690395284
2008,Alaska,0.449747301,0.501419657
2008,Arizona,0.489543043,0.473999557
2008,Arkansas,0.809672843,0.78525503
2008,California,0.619174098,0.401873904
2008,Colorado,0.55157966,0.433845364
2008,Connecticut,0.594972892,0.330486664
2008,Delaware,0.379897109,0.610799648
2008,Florida,0.462842267,0.529678646
2008,Georgia,0.50837659,0.561635686
2008,Hawaii,0.70155943,0.180983371
2008,Idaho,0.407266889,0.59177364
2008,Illinois,0.605199121,0.390149873
2008,Indiana,0.518879653,0.463446588
2008,Iowa,0.512522886,0.471209139
2008,Kansas,0.38900126,0.571053429
2008,Kentucky,0.494493209,0.545868194
2008,Louisiana,0.380886791,0.568075001
2008,Maine,0.608227562,0.391772438
2008,Maryland,0.671445248,0.305265674
2008,Massachusetts,0.723745285,0.251692315
2008,Michigan,0.523134935,0.463244029
2008,Minnesota,0.575348585,0.381434975
2008,Mississippi,0.5786177,0.416945049
2008,Missouri,0.500805959,0.516487446
2008,Montana,0.324246205,0.641443127
2008,Nebraska,0.341611663,0.658388337
2008,Nevada,0.503515536,0.422291562
2008,New Hampshire,0.540757663,0.436677597
2008,New Jersey,0.556090204,0.447561637
2008,New Mexico,0.561200688,0.394176776
2008,New York,0.518867376,0.246314875
2008,North Carolina,0.54422785,0.451121007
2008,North Dakota,0.619741054,0.380258946
2008,Ohio,0.51208353,0.463591436
2008,Oklahoma,0.376695212,0.600279596
2008,Oregon,0.615848712,0.429006559
2008,Pennsylvania,0.554465956,0.456467162
2008,Rhode Island,0.692943464,0.271027675
2008,South Carolina,0.490705965,0.501471805
2008,South Dakota,0.675557444,0.324442556
2008,Tennessee,0.519375208,0.598313032
2008,Texas,0.479720006,0.582560854
2008,Utah,0.420308079,0.537890715
2008,Vermont,0.832474149,
2008,Virginia,0.530071481,0.52420121
2008,Washington,0.591984184,0.408015816
2008,West Virginia,0.669302621,0.466115063
2008,Wisconsin,0.569526299,0.505747532
2008,Wyoming,0.427759191,0.525869979
2010,Alabama,0.503323598,0.668577595
2010,Alaska,0.305132994,0.689578705
2010,Arizona,0.419185052,0.530290405
2010,Arkansas,0.410754077,0.562469885
2010,California,0.551475753,0.434852016
2010,Colorado,0.45424331,0.50139296
2010,Connecticut,0.557850891,0.402367945
2010,Delaware,0.56780942,0.4104294
2010,Florida,0.419133432,0.60159205
2010,Georgia,0.486378413,0.61901178
2010,Hawaii,0.628760889,0.358565593
2010,Idaho,0.337439393,0.589740665
2010,Illinois,0.507639417,0.465352275
2010,Indiana,0.388770512,0.556537088
2010,Iowa,0.433650735,0.53986884
2010,Kansas,0.329123226,0.632097749
2010,Kentucky,0.373860849,0.623473563
2010,Louisiana,0.353405213,0.651950677
2010,Maine,0.560194767,0.439730814
2010,Maryland,0.604805771,0.369354337
2010,Massachusetts,0.600532763,0.387379918
2010,Michigan,0.442959578,0.523242191
2010,Minnesota,0.479277525,0.464313644
2010,Mississippi,0.444734569,0.537162561
2010,Missouri,0.413995768,0.574428261
2010,Montana,0.338440533,0.604138857
2010,Nebraska,0.28323578,0.675499335
2010,Nevada,0.452248758,0.508501853
2010,New Hampshire,0.445906618,0.511942319
2010,New Jersey,0.483002323,0.497410897
2010,New Mexico,0.515822482,0.484177518
2010,New York,0.547122155,0.34555681
2010,North Carolina,0.452436744,0.541178022
2010,North Dakota,0.450792066,0.549207934
2010,Ohio,0.421175581,0.536713187
2010,Oklahoma,0.372332467,0.655203158
2010,Oregon,0.513076518,0.459652459
2010,Pennsylvania,0.475735902,0.534393269
2010,Rhode Island,0.553561422,0.378411489
2010,South Carolina,0.400930764,0.562556475
2010,South Dakota,0.458913802,0.481185001
2010,Tennessee,0.347326616,0.612571506
2010,Texas,0.374485652,0.644436624
2010,Utah,0.340730216,0.610416943
2010,Vermont,0.645670612,0.320319804
2010,Virginia,0.450448339,0.541636585
2010,Washington,0.522907677,0.51621473
2010,West Virginia,0.442980094,0.550349649
2010,Wisconsin,0.438541413,0.544625463
2010,Wyoming,0.239846559,0.689967614
2012,Alabama,0.400182578,0.637983482
2012,Alaska,0.286148569,0.639383859
2012,Arizona,0.43573671,0.553247877
2012,Arkansas,0.384619268,0.614217565
2012,California,0.579301834,0.424399755
2012,Colorado,0.503977358,0.466762539
2012,Connecticut,0.603474147,0.334750132
2012,Delaware,0.64405928,0.334374412
2012,Florida,0.484778866,0.547831807
2012,Georgia,0.497596792,0.592208709
2012,Hawaii,0.65195501,0.314601781
2012,Idaho,0.327914196,0.640432104
2012,Illinois,0.54243374,0.43648872
2012,Indiana,0.447403148,0.529324373
2012,Iowa,0.502578327,0.472723735
2012,Kansas,0.353765562,0.700532929
2012,Kentucky,0.39231868,0.58874501
2012,Louisiana,0.305301013,0.393310846
2012,Maine,0.590402182,0.367062597
2012,Maryland,0.56160661,0.332005938
2012,Massachusetts,0.653412667,0.31428332
2012,Michigan,0.508890114,0.456168715
2012,Minnesota,0.554842337,0.430232571
2012,Mississippi,0.449687545,0.582394935
2012,Missouri,0.418384095,0.546950932
2012,Montana,0.427187643,0.532513445
2012,Nebraska,0.357583995,0.642416005
2012,Nevada,0.465533992,0.469568941
2012,New Hampshire,0.499585297,0.456665729
2012,New Jersey,0.546746611,0.435838439
2012,New Mexico,0.551095824,0.448079207
2012,New York,0.547747183,0.280731086
2012,North Carolina,0.505999162,0.487480019
2012,North Dakota,0.417014521,0.548930505
2012,Ohio,0.492946191,0.536518839
2012,Oklahoma,0.309460117,0.646239823
2012,Oregon,0.555952342,0.402676435
2012,Pennsylvania,0.502766754,0.487744608
2012,Rhode Island,0.543928467,0.37853077
2012,South Carolina,0.446644061,0.653952313
2012,South Dakota,0.425502658,0.574497342
2012,Tennessee,0.389972318,0.599704781
2012,Texas,0.427564186,0.585216785
2012,Utah,0.324667108,0.648588393
2012,Vermont,0.719481532,0.232962326
2012,Virginia,0.482835644,0.501746713
2012,Washington,0.544438183,0.455561817
2012,West Virginia,0.400872217,0.599127783
2012,Wisconsin,0.504183458,0.489173252
2012,Wyoming,0.229648983,0.663948943
2014,Alabama,0.419341873,0.745552556
2014,Alaska,0.409671804,0.509657147
2014,Arizona,0.445315901,0.585720952
2014,Arkansas,0.398260481,0.613531298
2014,California,0.561635315,0.452498582
2014,Colorado,0.468085628,0.499967259
2014,Connecticut,0.558492382,0.383490486
2014,Delaware,0.592577401,0.367615503
2014,Florida,0.468503716,0.560100054
2014,Georgia,0.549943445,0.743467062
2014,Hawaii,0.636727319,0.324812079
2014,Idaho,0.367862633,0.63212128
2014,Illinois,0.510868267,0.482585212
2014,Indiana,0.374197914,0.587832591
2014,Iowa,0.454497498,0.531863712
2014,Kansas,0.361371432,0.627271114
2014,Kentucky,0.36358153,0.634759943
2014,Louisiana,0.180056164,0.186015479
2014,Maine,0.494722818,0.369647453
2014,Maryland,0.574424983,0.413614032
2014,Massachusetts,0.674707071,0.398571539
2014,Michigan,0.491678689,0.474756407
2014,Minnesota,0.5020323,0.465251263
2014,Mississippi,0.367270817,0.689167206
2014,Missouri,0.36009179,0.587731359
2014,Montana,0.404089542,0.554052989
2014,Nebraska,0.345889119,0.636408791
2014,Nevada,0.387004635,0.561333238
2014,New Hampshire,0.51457415,0.483196789
2014,New Jersey,0.501915871,0.481652497
2014,New Mexico,0.529849478,0.469914141
2014,New York,0.475644217,0.406413213
2014,North Carolina,0.468440552,0.553904953
2014,North Dakota,0.384758917,0.555354486
2014,Ohio,0.412991448,0.590275989
2014,Oklahoma,0.266327728,0.700343121
2014,Oregon,0.5363879,0.401811675
2014,Pennsylvania,0.48448685,0.577354306
2014,Rhode Island,0.609554887,0.388042004
2014,South Carolina,0.428964932,0.635462397
2014,South Dakota,0.33470373,0.66529627
2014,Tennessee,0.364069397,0.619070992
2014,Texas,0.420448403,0.671002392
2014,Utah,0.32420623,0.620234288
2014,Vermont,0.644106651,0.310343387
2014,Virginia,0.47185142,0.575346001
2014,Washington,0.55834547,0.449838478
2014,West Virginia,0.415314028,0.552639125
2014,Wisconsin,0.468071982,0.466788637
2014,Wyoming,0.220872553,0.660450007
2016,Alabama,0.433584458,0.737640924
2016,Alaska,0.360219729,0.503208976
2016,Arizona,0.489655212,0.466532155
2016,Arkansas,0.368133067,0.711614605
2016,California,0.584901005,0.403805247
2016,Colorado,0.467821582,0.477011873
2016,Connecticut,0.582037135,0.3543474
2016,Delaware,0.555265241,0.409638697
2016,Florida,0.450928811,0.535634471
2016,Georgia,0.526941246,0.645579909
2016,Hawaii,0.722620549,0.195643233
2016,Idaho,0.306622417,0.656613761
2016,Illinois,0.597051426,0.494820806
2016,Indiana,0.396070595,0.600298945
2016,Iowa,0.444701116,0.5365381
2016,Kansas,0.346852085,0.591478833
2016,Kentucky,0.399984833,0.707010858
2016,Louisiana,0.159221319,0.230725341
2016,Maine,0.500923781,0.46311743
2016,Maryland,0.60426665,0.355309677
2016,Massachusetts,0.693890525,0.29009523
2016,Michigan,0.469711972,0.480292791
2016,Minnesota,0.501525841,0.466607514
2016,Mississippi,0.380534783,0.575848387
2016,Missouri,0.37864585,0.581992008
2016,Montana,0.405487259,0.561915283
2016,Nebraska,0.393679236,0.707320879
2016,Nevada,0.471130657,0.461850149
2016,New Hampshire,0.469580303,0.441038503
2016,New Jersey,0.525976443,0.445132129
2016,New Mexico,0.560078757,0.439831514
2016,New York,0.538718657,0.320843385
2016,North Carolina,0.465952065,0.532205796
2016,North Dakota,0.237479281,0.69130973
2016,Ohio,0.41287398,0.574130545
2016,Oklahoma,0.269334759,0.689781998
2016,Oregon,0.537093885,0.477861537
2016,Pennsylvania,0.504314077,0.562536991
2016,Rhode Island,0.610962669,0.32750354
2016,South Carolina,0.381572525,0.585245354
2016,South Dakota,0.358972141,0.641027859
2016,Tennessee,0.340510342,0.624718483
2016,Texas,0.467877297,0.597333726
2016,Utah,0.319785414,0.637830478
2016,Vermont,0.825089635,
2016,Virginia,0.491707673,0.52663974
2016,Washington,0.5277245,0.469517412
2016,West Virginia,0.327018762,0.648382966
2016,Wisconsin,0.497535749,0.570557267
2016,Wyoming,0.291613212,0.603490115
2018,Alabama,0.408873453,0.663436302
2018,Alaska,0.464970975,0.530818738
2018,Arizona,0.503655281,0.515680428
2018,Arkansas,0.35193827,0.625593446
2018,California,0.637691323,0.369533017
2018,Colorado,0.534388867,0.429581157
2018,Connecticut,0.586061249,0.371424865
2018,Delaware,0.6445397,0.3554603
2018,Florida,0.471016501,0.539023989
2018,Georgia,0.503528506,0.563541651
2018,Hawaii,0.753065399,0.228461128
2018,Idaho,0.347984973,0.61772398
2018,Illinois,0.607427268,0.386467708
2018,Indiana,0.443279234,0.553145205
2018,Iowa,0.504824372,0.465073429
2018,Kansas,0.44213108,0.536206992
2018,Kentucky,0.39048145,0.59581169
2018,Louisiana,0.184051288,0.56829943
2018,Maine,0.546058541,0.397023535
2018,Maryland,1.014836676,0.50156095
2018,Massachusetts,0.782106096,0.324727884
2018,Michigan,0.523503846,0.468233914
2018,Minnesota,0.551327592,0.43676164
2018,Mississippi,0.42471906,0.656649812
2018,Missouri,0.425059326,0.550350581
2018,Montana,0.462478763,0.508822987
2018,Nebraska,0.379707711,0.620292289
2018,Nevada,0.511329407,0.457679954
2018,New Hampshire,0.545326802,0.436248125
2018,New Jersey,0.599216844,0.386822657
2018,New Mexico,0.582748579,0.381792587
2018,New York,0.632168889,0.332055009
2018,North Carolina,0.509595517,0.503924849
2018,North Dakota,0.355725091,0.60201784
2018,Ohio,0.472654287,0.520006091
2018,Oklahoma,0.363453441,0.61970537
2018,Oregon,0.574467187,0.380230304
2018,Pennsylvania,0.55025026,0.469576577
2018,Rhode Island,0.6498473,0.347830047
2018,South Carolina,0.443657374,0.542618815
2018,South Dakota,0.360138432,0.60346796
2018,Tennessee,0.391906752,0.592480872
2018,Texas,0.469692692,0.547342252
2018,Utah,0.355350943,0.586511621
2018,Vermont,0.692040037,0.259514555
2018,Virginia,0.563563476,0.455119387
2018,Washington,0.578875887,0.421753666
2018,West Virginia,0.405833309,0.58330666
2018,Wisconsin,0.53175562,0.52030909
2018,Wyoming,0.297662054,0.635856791
